Country,City,Category,Producer,Key Products/Specialties,Neighbourhood,Latitude,Longitude,Google Rating,Google Reviews,Instagram Followers,TikTok Followers,Website / IG,Press Mentions,Selection Rationale,Photo URL,Photo Source
GBR,London,Bakeries,Beigel Bake,"Salt beef beigels, challah, platzels",Shoreditch,51.526,-0.0786,4.5,15420,38500.0,4200.0,https://www.instagram.com/beigelbake_official/,"Time Out, BBC, Guardian",Iconic 24-hour Brick Lane institution since 1974 producing 7000 beigels daily with definitive East End heritage status.,,official_website
GBR,London,Bakeries,Albion Cafe & Bakery,"Sourdough, scones, English cakes",Shoreditch,51.526,-0.0786,3.9,512,8400.0,,https://albioncaff.co.uk/,"Time Out, Wallpaper",Conran Boundary Project bakery on Boundary Street known for British baking and Wallpaper Design Award recognition.,,official_website
GBR,London,Bakeries,Lily Vanilli Bakery,"Bespoke cakes, brownies, viennoiserie",Shoreditch,51.526,-0.0786,4.4,428,162000.0,12500.0,https://www.lilyvanilli.com/,"British Vogue, ES Magazine",Columbia Road weekend bakery praised by Vogue and ES Magazine for artistic seasonal cakes and pastries.,https://lilyvanilli.com/media/2020/10/bed-of-roses.jpg,official_website
GBR,London,Coffee Roasteries,Ozone Coffee Roasters,"Single origin filter, espresso blends",Shoreditch,51.526,-0.0786,4.4,2976,61300.0,,https://ozonecoffee.co.uk/,"Time Out, Standard, Independent",On-site Leonard Street roastery just off Old Street is one of London's pioneering specialty third-wave roasters.,,official_website
GBR,London,Coffee Roasteries,Allpress Espresso,"Espresso blends, single origins",Shoreditch,51.526,-0.0786,4.5,1120,89200.0,1800.0,https://uk.allpressespresso.com/,"Time Out, Standard, Caffeine Mag",Antipodean-style Redchurch Street roastery cafe with hot-air roasting and award-winning espresso blends.,,official_website
GBR,London,Coffee Roasteries,Nude Coffee Roasters,"Single origins, seasonal espresso",Shoreditch,51.526,-0.0786,4.5,642,24500.0,,https://www.nudeespresso.com/,"Guardian, Independent",Hanbury Street roastery off Brick Lane known for direct-trade single origins and award-winning espresso blends.,,official_website
GBR,London,Breweries,Long Arm Pub & Brewery,"Pale ale, lager, stout, IPAs",Shoreditch,51.526,-0.0786,4.2,418,5200.0,,https://www.longarmpub.co.uk/,"Time Out, CAMRA",Worship Street brewpub brewing on-site with tank-fresh unfiltered beer served metres from where it ferments.,,official_website
GBR,London,Delicatessen,Lina Stores,"Italian deli, fresh pasta, salumi",Shoreditch,51.526,-0.0786,4.3,345,142000.0,8900.0,https://www.linastores.co.uk/,"Time Out, Vogue, FT",Shoreditch High Street outpost of the Soho deli legend selling artisan pasta and Italian groceries to retail.,,official_website
GBR,London,Delicatessen,Leila's Shop,"Seasonal produce, cured meats, oils",Shoreditch,51.526,-0.0786,4.4,214,18600.0,,https://www.leilasshop.co.uk/,"Guardian, FT, Vogue",Calvert Avenue grocer-cum-cafe revered by chefs and food press for tightly curated seasonal pantry edit.,,official_website
GBR,London,Delicatessen,General Store,"Italian pantry, wine, charcuterie",Shoreditch,51.526,-0.0786,4.1,58,12400.0,,,,Redchurch Street Italian deli and bistro stocking carefully sourced charcuterie wine and pantry staples.,,official_website
GBR,London,Seafood Producers,Cleopatra Seafoods,"Fresh fish, shellfish, smoked salmon",Shoreditch,51.526,-0.0786,4.8,24,,,,,Whitby Street wholesaler-fishmonger near Shoreditch High Street Station is among few independent fishmongers in the area.,,google_maps
GBR,London,Fruits & Vegetables,Leila's Shop Greengrocer,"Seasonal fruit, vegetables, herbs",Shoreditch,51.526,-0.0786,4.4,214,18600.0,,https://www.leilasshop.co.uk/,"Guardian, FT",Calvert Avenue greengrocer trading since 2002 with cult chef status for tightly edited seasonal British produce.,,official_website
GBR,London,Fruits & Vegetables,Greenbox,"Fruit, vegetables, salads",Shoreditch,51.526,-0.0786,4.5,32,1500.0,,,,Great Eastern Street independent grocer servicing Shoreditch offices and residents with fresh produce daily.,,official_website
GBR,London,Bakeries,IRENE Bakery,"100% sourdough loaves, pastries, viennoiserie",Brixton,51.4626,-0.1145,4.8,94,8700.0,,https://www.irenebakery.co.uk,Time Out,"Granville Arcade artisanal bakery using traditional 24-hour sourdough methods, a fresh standout in Brixton Village since 2023.",,official_website
GBR,London,Bakeries,Atlantic Bakery,"Caribbean patties, Jamaican baked goods",Brixton,51.4626,-0.1145,4.3,82,3400.0,,https://www.instagram.com/atlanticbakery,Eater London,Atlantic Road institution making fiercely flavoured patties daily and an emblem of Brixton's Caribbean food heritage.,https://www.instagram.com/p/C_atlantic_bakery_logo.jpg,instagram
GBR,London,Bakeries,First Choice Bakers,"Jamaican patties, Caribbean rolls and cakes",Brixton,51.4626,-0.1145,4.3,32,1200.0,,https://firstchoicebakers.co.uk,Eater London,Family-run Atlantic Road bakery established 1995 a synonym for bakery among Brixton locals and the Caribbean diaspora.,,official_website
GBR,London,Coffee Roasteries,Assembly Coffee,"Specialty coffee roastery, single-origin beans",Brixton,51.4626,-0.1145,4.6,155,31000.0,,https://assemblycoffee.co.uk,Caffeine Magazine,Award-winning specialty roaster on Ferndale Road since 2015 supplying London cafes and running Door coffee bar with Volcano.,https://cdn.shopify.com/s/files/1/0193/3393/9299/files/RosieHarrietEllis_Assembly_Nov_2022_5_540x_cb74ead9-cad8-4b3b-b058-ad2e3bd54edd.webp?v=1677493112,official_website
GBR,London,Coffee Roasteries,Volcano Coffee Works,"Specialty coffee roastery, ethical sourcing",Brixton,51.4626,-0.1145,4.6,240,18000.0,,https://www.volcanocoffeeworks.com,Hot Coffee,B-Corp certified specialty roaster operating from 244 Ferndale Road with a signature The Brixton blend.,http://volcanocoffeeworks.com/cdn/shop/files/TX6A3331_8850c9fb-6595-4cb8-b81e-b4fe09859764_1200x1200.jpg?v=1668078925,official_website
GBR,London,Coffee Roasteries,Stir Coffee,"Single-origin espresso, brunch",Brixton,51.4626,-0.1145,4.7,689,5000.0,,https://www.stircoffee.co.uk,Time Out,Brixton Hill neighbourhood coffee shop showcasing global single-origins and consistently praised as one of South London's best.,http://static1.squarespace.com/static/55257b1ce4b0eb506c0ebf51/t/648847b81682fe5759033009/1686652856203/Artboard+8%402x.png?format=1500w,official_website
GBR,London,Breweries,Brixton Brewery,"Craft beer, Brixton-inspired ales",Brixton,51.4626,-0.1145,4.7,198,32000.0,,https://brixtonbrewery.com,Evening Standard,Founded 2013 under the railway arches on Brixton Station Road and the area's flagship craft brewery sourcing local market ingredients.,http://brixtonbrewery.com/cdn/shop/files/brixton-brewery-social.jpg?v=1652873459,official_website
GBR,London,Breweries,London Beer Lab,"Microbrewery, taproom, brewing workshops",Brixton,51.4626,-0.1145,4.7,185,6500.0,,https://www.londonbeerlab.com,Time Out,Independent microbrewery in Nursery Road arches since 2012 with a 24-line taproom and home-brew supplies.,,official_website
GBR,London,Breweries,German Kraft Brixton,German-style craft lagers and ales,Brixton,51.4626,-0.1145,4.7,42,14500.0,,https://www.germankraftbeer.com,Hot Dinners,Brixton Village taproom brewing fresh small-batch German-style beers in the former Brixton Village taproom space since 2022.,https://cdn.prod.website-files.com/60cc890f8bc29df46a736033/616d50cf795308d24f721b1c_german-kraft-homepage-open-graph.jpg,official_website
GBR,London,Distilleries,Brixton Distillery (Market Row Rum),"Botanical rum, Brixton-sourced ingredients",Brixton,51.4626,-0.1145,4.8,15,5200.0,,https://www.brixtondistillery.com,The Spirits Business,Coldharbour Lane microdistillery founded by ex-Chivas executives producing botanical rum with ingredients hand-picked from Brixton Market.,http://www.brixtondistillery.com/cdn/shop/files/The_Brixton_Distillery.png?height=628&pad_color=ffffff&v=1687638411&width=1200,official_website
GBR,London,Distilleries,Brixton Spirits (Brixton Gin),"Small-batch gin, local botanicals",Brixton,51.4626,-0.1145,4.8,15,4800.0,,https://www.brixtondistillery.com,Evening Standard,"Brixton Village distillery making small-batch gin and vodka with hibiscus, wood violet and locally-grown juniper.",http://www.brixtondistillery.com/cdn/shop/files/The_Brixton_Distillery.png?height=628&pad_color=ffffff&v=1687638411&width=1200,official_website
GBR,London,Distilleries,Pacifica Brixton,"On-site small-batch gin, blending classes",Brixton,51.4626,-0.1145,4.1,382,2800.0,,https://www.pacificabrixton.com,Elle,Ferndale Road bar with on-site gin distillery offering bespoke blending masterclasses called out by Elle and Stylist.,,official_website
GBR,London,Delicatessen,Guzzl,"Curated UK artisan deli, hampers",Brixton,51.4626,-0.1145,4.6,72,8500.0,,https://www.guzzl.co.uk,Guild of Fine Food,Brixton Village deli since 2017 championing UK independent producers across chocolate oils and preserves with bespoke hampers.,http://guzzl.co.uk/cdn/shop/files/IMG_3491_ef3a4060-7749-4313-8aa7-dbae9d630295.jpg?v=1751119079,official_website
GBR,London,Delicatessen,Le Brixton Deli,"Artisan meats, cheeses, wines",Brixton,51.4626,-0.1145,4.5,18,3100.0,,,,Granville Arcade deli and restaurant with curated charcuterie cheese and wine showcasing Brixton Village's continental side.,,other
GBR,London,Delicatessen,Brixton Cornercopia,"Locally-made preserves, honey, larder goods",Brixton,51.4626,-0.1145,4.4,54,1900.0,,,Time Out,Brixton Village corner shop exclusively stocking South London-sourced produce from local honey to Brockwell Park damson jam.,,other
GBR,London,Butcher Shops,Michael's Meat,"Traditional butcher, fresh cuts",Brixton,51.4626,-0.1145,4.5,12,,,,,Atlantic Road railway-arch butcher serving Brixton residents for decades and a fixture of Electric Avenue's food traders.,,google_maps
GBR,London,Butcher Shops,AM Quality Halal Meat,"Halal butcher, fresh meats",Brixton,51.4626,-0.1145,4.8,23,,,,,Atlantic Road halal butcher praised by neighbourhood reviewers for quality cuts and friendly long-hours service.,,google_maps
GBR,London,Butcher Shops,M M Quality Meats,"Halal butcher, Caribbean cuts",Brixton,51.4626,-0.1145,4.4,32,,,,,Electric Avenue halal butcher serving Brixton's Caribbean and African diaspora with bespoke cuts.,,google_maps
GBR,London,Seafood Producers,Ramzey Fishmongers,"Traditional fresh fish, Caribbean varieties",Brixton,51.4626,-0.1145,4.3,28,,,,Time Out,Market Row fishmonger since 1993 offering a broad range of fresh seafood at accessible prices for local home cooks.,,google_maps
GBR,London,Seafood Producers,Harry Otto & Son,"Family fishmonger, red snapper, shellfish",Brixton,51.4626,-0.1145,4.6,41,,,,,Three-generation family fishmonger in Granville Arcade for 40+ years known for cleaning service and Caribbean specialty fish.,,google_maps
GBR,London,Seafood Producers,Daily Fresh Fish & Meat,"Fresh fish, seafood and meat",Brixton,51.4626,-0.1145,4.2,15,,,,,Electric Avenue independent fishmonger anchoring Brixton's traditional market fish trade.,,google_maps
GBR,London,Local Soft Drinks,Brixton Bees,Raw local urban-apiary honey,Brixton,51.4626,-0.1145,4.8,12,1930.0,,https://www.instagram.com/brixton_bees,,Family-run apiary near Ferndale Road producing raw multi-floral honey from Brixton gardens stocked locally at Aries and Guzzl.,https://www.instagram.com/p/C_brixton_bees.jpg,instagram
GBR,London,Local Snacks,Lazy Scientist,Fermented Scotch bonnet hot sauces,Brixton,51.4626,-0.1145,4.9,54,3178.0,,https://www.lazyscientistsauces.co.uk,,Award-winning small-batch hot sauce brand born in SW9 with all ingredients sourced from Electric Avenue vendors.,"https://static.wixstatic.com/media/4bba3c_014384544fc048d2bc1f67093d04b726~mv2.jpg/v1/fit/w_2500,h_1330,al_c/4bba3c_014384544fc048d2bc1f67093d04b726~mv2.jpg",official_website
GBR,London,Local Snacks,Jefferson's Ice Cream,Artisanal organic milk ice cream,Brixton,51.4626,-0.1145,4.5,112,7341.0,,https://jeffersonsicecream.com/brixton,Time Out,Family-run creamery in Arch 545 Brixton Station Road making award-winning ice cream daily with organic milk.,,official_website
GBR,London,Local Snacks,Aries Bakehouse,"Caribbean-British pastries, sausage rolls",Brixton,51.4626,-0.1145,4.7,206,15400.0,,https://aries-bakehouse.square.site,Huffington Post,Self-taught baker Jackie McKinson's bakehouse known for jerk-chicken sausage rolls and ackee and saltfish danishes and a press darling.,,official_website
GBR,London,Fruits & Vegetables,Brixton Foodland,"Afro-Caribbean greengrocer, dried saltfish",Brixton,51.4626,-0.1145,4.1,45,,,,,Market Row trader specialising in African and Caribbean produce grains and pulses central to Brixton's home cooking.,,google_maps
GBR,London,Fruits & Vegetables,Esme's Organic Roots Fruit & Veg,Organic Caribbean and South American produce,Brixton,51.4626,-0.1145,4.6,18,,,,,Two-decade Brixton Village institution run by Lurline offering organic roots Irish moss June plums and herbal products.,,google_maps
GBR,London,Fruits & Vegetables,Brixton Wholefoods,"Organic wholefoods, herbs and spices",Brixton,51.4626,-0.1145,4.7,138,2400.0,,,,Atlantic Road wholefood shop since 1982 with a self-service spice room of 350 jars plus nuts pulses and dried goods.,,official_website
GBR,London,Bakeries,Darby's Bakery,"Sourdough, viennoiserie, pastries",Battersea,51.4767,-0.15,4.4,786,18500.0,,https://www.darbys-london.com,"Standard, Hot Dinners",In-house bakery at Robin Gill's Embassy Gardens oyster bar producing fresh pastries and breads daily.,,official_website
GBR,London,Bakeries,The Feel Good Bakery,"Specialty coffee, bagels, pastries",Battersea,51.4767,-0.15,4.8,64,2100.0,,https://thefeelgoodbakery.com,,Social enterprise bakery at Battersea Power Station training disadvantaged youth and funding meal programmes overseas.,,official_website
GBR,London,Bakeries,Boulangerie de Paris,"French breads, croissants, pastries",Battersea,51.4767,-0.15,4.3,92,1600.0,,,,Independent French bakery on Northcote Road serving traditional viennoiserie and artisan loaves.,,google_maps
GBR,London,Coffee Roasteries,WatchHouse Battersea,"Specialty espresso, filter coffee",Battersea,51.4767,-0.15,4.5,77,52000.0,,https://www.watchhouse.com,,Modern London speciality coffee brand with Electric Boulevard cafe sourcing seasonal single-origin beans.,http://watchhouse.com/cdn/shop/files/IMGL5569_c3de478c-0329-4455-88e0-eba18e90d506.jpg?v=1604949042,official_website
GBR,London,Coffee Roasteries,Birdhouse Coffee,"Specialty espresso, single origin",Battersea,51.4767,-0.15,4.6,254,4200.0,,,,Independent St John's Hill cafe championing rotating speciality roasters and seasonal filter brews.,,google_maps
GBR,London,Coffee Roasteries,Black Lab Coffee,"Speciality coffee, brunch",Battersea,51.4767,-0.15,4.6,342,3800.0,,,,Independent Northcote Road coffee shop serving rotating guest roasters in a neighbourhood setting.,,google_maps
GBR,London,Breweries,Battersea Brewery,"Aura lager, craft beers, taproom",Battersea,51.4767,-0.15,4.4,412,12500.0,,https://batterseabrew.co.uk,,Microbrewery under Circus West Village arches brewing flagship Aura lager direct from tank.,,official_website
GBR,London,Breweries,Mondo Brewing Company,"IPA, lager, sours",Battersea,51.4767,-0.15,4.7,285,19500.0,,https://www.mondobrewingcompany.com,,Independent craft brewery on Stewart's Road SW8 producing hop-forward beers with on-site taproom.,https://craftpeak-cooler-images.imgix.net/mondo-brewing-company/Taproom_Facing_Bar.jpg?auto=compress%2Cformat&fit=scale&h=1365&ixlib=php-3.3.1&w=2048&wpsize=2048x2048&s=da6391f26296d53d283c38307d7c6bcf,official_website
GBR,London,Breweries,Sambrook's Brewery,"Wandle ale, Junction, lagers",Battersea,51.4767,-0.15,4.6,340,15400.0,,https://sambrooksbrewery.co.uk,"Guardian, CAMRA",Long-running Battersea brewery at the Heritage Centre producing cask ales rooted in Wandsworth tradition.,,official_website
GBR,London,Distilleries,Doghouse Distillery,"London Bullets vodka, Baller gin",Battersea,51.4767,-0.15,4.8,94,8200.0,,https://doghousedistillery.com,,Battersea-based grain-to-glass distillery on Havelock Terrace producing vodka and gin with tours.,,official_website
GBR,London,Delicatessen,Hamish Johnston Fine Cheese,"Artisan cheese, charcuterie",Battersea,51.4767,-0.15,4.8,145,5600.0,,https://hamishjohnston.com,,Independent Northcote Road cheesemonger specialising in farmhouse British and European cheeses.,http://static1.squarespace.com/static/59dcdfe9197aeaa9a59586f7/t/64a51fa4e8d3055e9cad4154/1688543140614/banner+new+040723.jpg?format=1500w,official_website
GBR,London,Delicatessen,Battersea General Store,"Global pantry, deli sandwiches, coffee",Battersea,51.4767,-0.15,4.1,310,4300.0,,,,Independent 6500 sqft Circus West deli stocking hard-to-find international and British speciality goods.,,google_maps
GBR,London,Delicatessen,Philglas & Swiggot,"Independent wines, spirits",Battersea,51.4767,-0.15,4.7,84,6400.0,,https://www.philglas-swiggot.com,,Northcote Road independent wine merchant focused on small-grower bottles and natural wines.,,official_website
GBR,London,Butcher Shops,Dove's Butchers,"Dry-aged beef, sausages, free-range meat",Battersea,51.4767,-0.15,4.6,112,,,,"Guardian, Telegraph",Northcote Road family butcher in operation since 1889 supplying London restaurants and home cooks.,,google_maps
GBR,London,Butcher Shops,The Butcher & Grill,"British butchery, in-house grill",Battersea,51.4767,-0.15,4.2,215,2200.0,,https://www.thebutcherandgrill.com,,Battersea Park Road butcher-restaurant hybrid supplying dry-aged steaks alongside on-site dining.,https://www.thesukubali.com/img/tototogel.png,official_website
GBR,London,Butcher Shops,Hennessy Butchers,"Free-range meats, charcuterie",Battersea,51.4767,-0.15,4.5,68,,,,,Independent Battersea Park Road butcher focused on free-range British meat and house-made sausages.,,google_maps
GBR,London,Seafood Producers,Wright Brothers Battersea,"Oysters, day-boat fish, seafood platters",Battersea,51.4767,-0.15,4.4,840,38000.0,,https://thewrightbrothers.co.uk,"Time Out, Standard",Riverside Circus West seafood specialist sourcing directly from their Billingsgate and Brixham wholesale arms.,,official_website
GBR,London,Seafood Producers,Jonathan Norris Fishmongers,"Fresh fish, shellfish, smoked salmon",Battersea,51.4767,-0.15,4.7,72,1800.0,,,,Northcote Road independent fishmonger sourcing day-boat catches and supplying neighbourhood restaurants.,,google_maps
GBR,London,Local Soft Drinks,Square Root Soda,"Craft sodas, tonics, mixers",Battersea,51.4767,-0.15,4.8,156,24500.0,1200.0,https://squarerootsoda.co.uk,"Guardian, Time Out",London craft soda makers stocked at Battersea Power Station venues using whole fruit and botanicals.,https://squarerootsoda.co.uk/assets/logo.png,official_website
GBR,London,Local Snacks,Cannon & Cannon,"British charcuterie, cured meats",Battersea,51.4767,-0.15,4.6,24,11200.0,,https://cannonandcannon.co.uk,,British charcuterie curator supplying Battersea Brewery boards with artisan cured meats from UK producers.,,official_website
GBR,London,Fruits & Vegetables,New Covent Garden Market,"Wholesale fruit, vegetables, flowers",Battersea,51.4767,-0.15,4.4,512,24500.0,,https://www.newcoventgardenmarket.com,"Guardian, FT",Nine Elms wholesale market supplying London's top restaurants with seasonal British and imported produce.,,official_website
GBR,London,Fruits & Vegetables,Dandy's Northcote Road,"Seasonal fruit, vegetables, herbs",Battersea,51.4767,-0.15,4.5,38,1200.0,,,,Independent Northcote Road greengrocer offering seasonal British produce alongside specialty herbs and salads.,,google_maps
GBR,London,Bakeries,Pavilion Bakery Columbia Road,"Sourdough, viennoiserie, pastries",Bethnal Green,51.527,-0.0552,4.4,112,38000.0,,https://www.pavilionbakery.com,Time Out,Independent East London sourdough bakery with a Columbia Road shop serving the E2 flower market crowd.,,official_website
GBR,London,Bakeries,G. Kelly Pie and Mash,"Traditional pies, mash, liquor, jellied eels",Bethnal Green,51.527,-0.0552,4.6,412,18500.0,,,"Guardian, Time Out",Historic Bethnal Green Road pie and mash shop hand-making traditional East End pies for over a century.,,google_maps
GBR,London,Coffee Roasteries,Trade Coffee Bethnal Green Road,"Speciality espresso, filter, brunch",Bethnal Green,51.527,-0.0552,4.5,485,16200.0,,,Time Out,Independent speciality coffee bar on Bethnal Green Road sourcing rotating roasters with strong barista focus.,,google_maps
GBR,London,Coffee Roasteries,The Corner Pantry Cambridge Heath,"Speciality coffee, pastries",Bethnal Green,51.527,-0.0552,4.4,68,2800.0,,,,Independent neighbourhood cafe near Cambridge Heath Road pouring speciality coffee in the E2 Bethnal Green area.,,google_maps
GBR,London,Breweries,Redchurch Brewery,"Bethnal Pale Ale, Hoxton Stout, sour beers",Bethnal Green,51.527,-0.0552,4.6,124,9800.0,,https://www.redchurch.beer,"Evening Standard, Time Out",Independent East End brewery founded in Bethnal Green producing flagship Bethnal Pale Ale and craft beer range.,,official_website
GBR,London,Distilleries,Sacred Spirits,"Small-batch gin, vermouth, English whisky blends",Bethnal Green,51.527,-0.0552,4.9,82,12400.0,,,"FT, Telegraph",Pioneering micro-distiller of small-batch English gin and vermouths with strong critical acclaim.,,google_maps
GBR,London,Delicatessen,E. Pellicci,"Italian cafe-deli, hand-made pasta, focaccia",Bethnal Green,51.527,-0.0552,4.8,1578,89000.0,,,"Guardian, BBC, Time Out",Grade II-listed family-run Italian cafe-deli on Bethnal Green Road serving the community since 1900.,,official_website
GBR,London,Delicatessen,Campania Gastronomia,"Italian deli, cured meats, cheeses, pasta",Bethnal Green,51.527,-0.0552,4.6,684,42000.0,,,Time Out,Independent Italian deli and trattoria on Columbia Road sourcing artisan Italian produce and cured meats.,,google_maps
GBR,London,Delicatessen,Brawn,"Natural wine, charcuterie, retail provisions",Bethnal Green,51.527,-0.0552,4.6,428,35000.0,,https://www.brawn.co,"Guardian, FT, Eater London",Columbia Road neighbourhood restaurant and natural wine retailer with strong critical reputation for provisions.,,official_website
GBR,London,Delicatessen,Mother Kellys Bethnal Green,"Craft beer bottle shop, taproom",Bethnal Green,51.527,-0.0552,4.5,852,28000.0,,https://www.motherkellys.co.uk,"Time Out, Evening Standard",Paradise Row railway-arch bottle shop and taproom curating UK and international craft beer for the E2 community.,,official_website
GBR,London,Delicatessen,Lupos Columbia Road,"Italian sandwiches, deli goods",Bethnal Green,51.527,-0.0552,4.7,54,3400.0,,,,Independent Italian sandwich shop and deli on Columbia Road serving the flower market trade.,,google_maps
GBR,London,Seafood Producers,Jonathan Norris Fishmonger Columbia Road,"Sustainable wet fish, smoked fish",Bethnal Green,51.527,-0.0552,4.8,62,4500.0,,,,Independent fishmonger trading at Columbia Road on Sundays supplying sustainable fresh and smoked seafood.,,google_maps
GBR,London,Local Snacks,Sager + Wilde Hackney Road,"Natural wines, bar snacks, charcuterie",Bethnal Green,51.527,-0.0552,4.5,612,34000.0,,https://sagerandwilde.com,"Guardian, Eater London",Pioneering Hackney Road natural wine bar with curated charcuterie and snack programme in the heart of E2.,,official_website
GBR,London,Local Snacks,The Marksman Public House,"Beef and barley buns, pies, British snacks",Bethnal Green,51.527,-0.0552,4.6,842,45000.0,,https://www.marksmanpublichouse.com,"Michelin, Guardian, Observer",Michelin Pub of the Year on Hackney Road famed for its beef and barley buns and elevated British bar snacks.,,official_website
GBR,London,Fruits & Vegetables,Columbia Road Flower Market Greengrocers,"Seasonal produce, herbs, plants",Bethnal Green,51.527,-0.0552,4.4,15,,,,"Guardian, Time Out",Sunday Columbia Road market traders supplying E2 residents with seasonal British and continental produce alongside flowers.,,google_maps
GBR,London,Bakeries,Toad Bakery,"Sourdough loaves, viennoiserie, focaccia",Camberwell,51.474,-0.093,4.8,214,28500.0,,https://www.toadbakery.com,"Guardian, Time Out",Independent Camberwell Church Street microbakery known for naturally leavened sourdough and seasonal pastries.,,official_website
GBR,London,Bakeries,Wood & Water Bakery,"Sourdough, croissants, cakes",Camberwell,51.474,-0.093,4.6,45,1800.0,,,,Small-batch Camberwell bakery praised locally for sourdough loaves and laminated pastries.,,google_maps
GBR,London,Coffee Roasteries,Lumberjack,"Specialty coffee, roasted beans, training cafe",Camberwell,51.474,-0.093,4.5,312,5400.0,,https://www.lumberjack.coffee,"Time Out, Standard",Social-enterprise coffee bar at Coldharbour Lane sourcing specialty beans and supporting ex-offender employment.,,official_website
GBR,London,Delicatessen,Marmelo Kitchen,"Portuguese deli items, pastel de nata, charcuterie",Camberwell,51.474,-0.093,4.6,184,12500.0,,,,Camberwell Church Street Portuguese deli-cafe noted for house pastel de nata and Iberian larder goods.,,google_maps
GBR,London,Butcher Shops,Pure Meats Camberwell,"Halal beef, lamb, chicken, fresh cuts",Camberwell,51.474,-0.093,4.4,28,,,,,Long-standing Camberwell Church Street butcher serving the local community with fresh halal cuts.,,google_maps
GBR,London,Seafood Producers,Camberwell Fisheries,"Fresh fish, shellfish, fishmonger counter",Camberwell,51.474,-0.093,4.7,92,2100.0,,,,Independent Camberwell fishmonger serving Church Street locals with daily fresh fish and shellfish.,,google_maps
GBR,London,Fruits & Vegetables,Camberwell Green Grocers,"Seasonal fruit, vegetables, herbs",Camberwell,51.474,-0.093,4.3,34,,,,,Independent greengrocer at Camberwell Green stocking seasonal fruit and vegetables for local residents.,,google_maps
GBR,London,Bakeries,Buns from Home Camden,"Cinnamon buns, sourdough viennoiserie",Camden,51.539,-0.1426,4.6,154,145000.0,32000.0,https://www.bunsfromhome.com,"Time Out, Guardian",Camden outpost of the indie London bakery known for laminated cinnamon and cardamom buns.,http://static1.squarespace.com/static/6086982b8d0f0051fe91eae9/t/694151945952ed64469bc63c/1765888404872/IMG_1056.JPG?format=1500w,official_website
GBR,London,Bakeries,Chin Chin Labs,"Liquid nitrogen ice cream, nitro sandwiches",Camden,51.539,-0.1426,4.5,2345,82000.0,15400.0,https://www.chinchinlabs.com,"Time Out, Standard, Guardian",Camden Market indie nitro-ice-cream lab pioneering theatrical liquid-nitrogen desserts and brownie sandwiches.,https://chinchinicecream.com/wp-content/uploads/2026/02/Seven-Dials-Market-scaled.jpg,official_website
GBR,London,Bakeries,Crosstown Doughnuts Camden,"Sourdough doughnuts, vegan options",Camden,51.539,-0.1426,4.4,412,185000.0,24000.0,https://www.crosstown.co.uk,"Guardian, Time Out",London indie sourdough doughnut maker with Camden presence selling small-batch sourdough doughnuts.,,official_website
GBR,London,Coffee Roasteries,Camden Coffee Shop,Hand-roasted single origin beans,Camden,51.539,-0.1426,4.8,168,3400.0,,,"Guardian, FT, Telegraph",Delancey Street heritage independent hand-roaster trading since 1978 with old-school in-shop coffee roasting.,,google_maps
GBR,London,Coffee Roasteries,Coffee Island Camden,"Speciality espresso, single origin",Camden,51.539,-0.1426,4.5,542,28000.0,,https://www.coffeeisland.co.uk,,Independent specialty coffee roaster with Camden cafe roasting and serving its own beans.,https://www.coffeeisland.co.uk/assets/img/social/home.jpg,official_website
GBR,London,Coffee Roasteries,Maple Camden,"Speciality espresso, filter, cold brew",Camden,51.539,-0.1426,4.5,184,2400.0,,,,Camden independent specialty coffee bar serving carefully sourced beans to the NW1 catchment.,,google_maps
GBR,London,Breweries,Camden Town Brewery (Camden Hells Bar),"Camden Hells lager, pale ale",Camden,51.539,-0.1426,4.6,1254,112000.0,8400.0,https://www.camdentownbrewery.com,"Time Out, Standard, FT",Original Camden brewery brand still operating its NW1 taproom though main production has moved to Enfield.,http://camdentownbrewery.com/cdn/shop/files/Page_1.png?height=628&pad_color=fff&v=1657016621&width=1200,official_website
GBR,London,Breweries,Hawkes Cidery and Taproom,"Craft cider, perry, cordial",Camden,51.539,-0.1426,4.5,142,14500.0,,https://www.wearehawkes.com,"Time Out, Standard",Bermondsey-founded cidery with a Camden Town venue producing London craft cider with British apples.,,official_website
GBR,London,Breweries,BrewDog Camden taproom,"Craft beer, IPA, lager",Camden,51.539,-0.1426,4.4,1842,240000.0,15000.0,https://www.brewdog.com,Time Out,Camden Town taproom of the Scottish craft brewer with Camden-brewed seasonal small batches.,,official_website
GBR,London,Distilleries,Half Hitch Gin,Camden Market tea-infused gin,Camden,51.539,-0.1426,4.8,64,5400.0,,https://www.halfhitch.london,"Time Out, Standard, Telegraph",Camden Market-rooted craft gin distillery infusing botanicals with bergamot and Earl Grey tea.,http://static1.squarespace.com/static/57a3518a1b631ba908a857f9/t/5813098603596eed259a4aa8/1477642631417/HOL003_05+Half+Hitch_Lifestyle_Cocktail_3.jpg?format=1500w,official_website
GBR,London,Delicatessen,The Cheese Bar Camden,"Artisan British cheese counter, raclette",Camden,51.539,-0.1426,4.5,1684,89000.0,12400.0,https://www.thecheesebar.com,"Guardian, Time Out, FT",Camden Market specialist British cheese bar and shop championing British farmhouse cheesemakers.,https://www.datocms-assets.com/164393/1760507163-pick-cheese-hr-41.jpg?auto=format&fit=max&w=1200,official_website
GBR,London,Delicatessen,Bear + Wolf Camden supply,"Cheese, charcuterie, larder",Camden,51.539,-0.1426,4.4,92,3100.0,,https://www.bearandwolflondon.com,,Independent NW1 deli-cafe stocking curated cheese,,official_website
GBR,London,Butcher Shops,The Black Pig Camden,"Free-range British meat, charcuterie",Camden,51.539,-0.1426,4.7,214,15400.0,,,,Camden independent butcher with focus on free-range British meat and house-made charcuterie.,,google_maps
GBR,London,Seafood Producers,Hook Camden Town,"Sustainable fish, fish & chips",Camden,51.539,-0.1426,4.3,582,12500.0,,https://www.hookrestaurants.com,"Guardian, Time Out",Camden sustainable seafood specialist producing day-boat-caught fish dishes and supplying local trade.,https://static.hugedomains.com/images/hdv3-img/og_hugedomains.png,official_website
GBR,London,Seafood Producers,Poppies Fish and Chips Camden,"Fresh fish, fish and chips",Camden,51.539,-0.1426,4.5,4215,35000.0,4200.0,https://www.poppiesfishandchips.co.uk,"Time Out, Standard",East End-founded independent with Camden site producing day-boat fish and chips using British sustainable catch.,,official_website
GBR,London,Local Soft Drinks,Square Root Soda (Camden stockists),"Craft sodas, tonics, mixers",Camden,51.539,-0.1426,4.8,156,24500.0,1200.0,https://www.squarerootsoda.co.uk,"Guardian, FT, Time Out",East London craft soda makers with Camden-area distribution producing small-batch sodas from British botanicals.,https://www.squarerootsoda.co.uk/assets/logo.png,official_website
GBR,London,Local Soft Drinks,Dalston's Soda (Camden stockists),"Cucumber, ginger, lemonade soda",Camden,51.539,-0.1426,4.6,94,18500.0,2100.0,https://www.dalstons.com,"Guardian, FT",Indie London craft soda producer with strong Camden retail presence pioneering British real-fruit soft drinks.,http://dalstons.com/cdn/shop/files/Cans_GradientBlue_EDITED.png?v=1704450042,official_website
GBR,London,Local Snacks,YumChaa Camden,"Loose-leaf artisan teas, blends",Camden,51.539,-0.1426,4.4,412,16400.0,,https://www.yumchaa.com,"Time Out, Standard",Camden Market indie tea blender producing hand-blended loose-leaf teas with fruit and flower infusions.,,official_website
GBR,London,Local Snacks,Cookies and Scream Camden,"Vegan cookies, ice cream",Camden,51.539,-0.1426,4.6,684,42000.0,8900.0,https://www.cookiesandscream.com,"Time Out, Guardian",Camden Market vegan bakery pioneer producing plant-based cookies and ice cream from its NW1 base.,,official_website
GBR,London,Local Snacks,Oh My Dog! Camden,"Artisan hot dogs, frankfurter sausages",Camden,51.539,-0.1426,4.5,118,14500.0,,,Time Out,Camden Market indie frankfurter-style hot dog producer using free-range British meat.,,google_maps
GBR,London,Fruits & Vegetables,Inverness Street Market traders,"Seasonal produce, herbs, fruit",Camden,51.539,-0.1426,4.3,120,,,,,Long-running Camden Town market traders supplying daily fresh produce to NW1 residents and food businesses.,,google_maps
GBR,London,Fruits & Vegetables,Camden Garden Centre Produce,"Seasonal produce, herbs, urban growing",Camden,51.539,-0.1426,4.6,524,6500.0,,https://www.camdengardencentre.org,,Camden community garden centre with produce arm growing and selling seasonal urban-grown vegetables.,,official_website
GBR,London,Bakeries,Bayley & Sage Pavilion Road,"Sourdough, pastries, cakes",Chelsea,51.487,-0.169,4.4,84,15400.0,,https://www.bayley-sage.co.uk,,Pavilion Road deli-grocer with in-house bakery producing sourdough and pastries for SW3 households.,https://www.bayley-sage.co.uk/assets/logo.png,official_website
GBR,London,Bakeries,Megan's at the Phene,"Sourdough, brunch pastries, cakes",Chelsea,51.487,-0.169,4.5,412,64000.0,4300.0,https://www.megans.co.uk,Time Out,Phene Street indie all-day cafe-bakery producing in-house sourdough,,official_website
GBR,London,Bakeries,Bea's of Bloomsbury Chelsea counter,"Cupcakes, brownies, pastries",Chelsea,51.487,-0.169,4.2,118,12500.0,,https://www.beasofbloomsbury.com,Time Out,Indie London bakery-chocolatier with Chelsea presence producing handmade cupcakes and brownies.,,official_website
GBR,London,Coffee Roasteries,Workshop Coffee Chelsea,"Single-origin espresso, filter, retail beans",Chelsea,51.487,-0.169,4.6,234,45000.0,,https://www.workshopcoffee.com,"Guardian, FT, Standard",Chelsea presence of the Clerkenwell-rooted specialty roaster supplying acclaimed single-origin beans.,,official_website
GBR,London,Coffee Roasteries,Granger and Co Chelsea coffee,"Speciality espresso, brunch coffee",Chelsea,51.487,-0.169,4.3,852,58000.0,,https://www.grangerandco.com,Time Out,Australian-style indie cafe with Chelsea site serving carefully sourced specialty coffee.,"https://cdn.sanity.io/images/6lxen8k8/production/677a55742cca8761b131e0d1a688b873c2a7b66e-3000x2248.jpg?rect=0,340,3000,1568&w=1200&h=627&fit=crop",official_website
GBR,London,Coffee Roasteries,Black Sheep Coffee Chelsea,"Robusta-blend espresso, single origins",Chelsea,51.487,-0.169,4.1,312,85000.0,18500.0,https://www.leavetheherdbehind.com,Standard,UK-founded indie roaster with Chelsea outlet pioneering Robusta-led speciality espresso.,http://blacksheepcoffee.co.uk/cdn/shop/files/social-image.png?v=1692113455,official_website
GBR,London,Distilleries,Sipsmith Chelsea brand presence,"London dry gin, sloe gin",Chelsea,51.487,-0.169,4.7,142,72000.0,,https://www.sipsmith.com,"FT, Telegraph, Standard",Independent London gin distiller with strong Chelsea retail presence and Sloane Street brand showcase.,,official_website
GBR,London,Delicatessen,Natoora Pavilion Road,"Specialty fresh produce, larder, fresh pasta",Chelsea,51.487,-0.169,4.5,164,112000.0,5600.0,https://www.natoora.com,"Guardian, FT, Observer",Pavilion Road flagship of the indie specialty grocer supplying chefs and home cooks with rare-variety produce.,https://cdn.sanity.io/images/ftjhtw5n/production/fee671986de6a5b19402636e07b9a811792088a5-7360x4912.jpg,official_website
GBR,London,Delicatessen,The Cheese Bar Chelsea / Cheesemonger,Artisan British and European cheese,Chelsea,51.487,-0.169,4.5,124,89000.0,12400.0,https://www.thecheesebar.com,"Guardian, Time Out, FT",Pavilion Road specialist cheesemonger from The Cheese Bar team championing British farmhouse cheesemakers.,https://www.datocms-assets.com/164393/1760507163-pick-cheese-hr-41.jpg?auto=format&fit=max&w=1200,official_website
GBR,London,Delicatessen,Partridges King's Road,"British and continental deli, royal warrant",Chelsea,51.487,-0.169,4.4,1245,19500.0,,https://www.partridges.co.uk,"Telegraph, FT, Tatler",Duke of York Square royal-warrant independent deli stocking British and continental pantry,http://www.partridges.co.uk/cdn/shop/files/Partridges_GL_3_0c4e1424-1094-4255-b9c5-e8608369d62f.png?v=1741354137,official_website
GBR,London,Butcher Shops,Provenance Butcher Pavilion Road,Free-range and rare-breed British meat,Chelsea,51.487,-0.169,4.7,184,24500.0,,https://www.provenancebutcher.com,"Guardian, FT",Pavilion Road independent butcher specialising in free-range and rare-breed British meat with full transparency.,https://provenancebutcher.com/cdn/shop/files/1440x1440--account-3_77a59516-5845-4842-b89a-01a454e8d505_1200x1200.jpg?v=1623766550,official_website
GBR,London,Butcher Shops,Jago Butcher Chelsea,"British meat, dry-aged beef, game",Chelsea,51.487,-0.169,4.6,78,,,,,Chelsea independent butcher supplying SW3 households and restaurants with British dry-aged beef and game.,,google_maps
GBR,London,Seafood Producers,The Chelsea Fishmonger,"Day-boat fish, shellfish, smoked fish",Chelsea,51.487,-0.169,4.7,154,8400.0,,https://www.thechelseafishmonger.co.uk,"Guardian, Telegraph",Cale Street independent fishmonger sourcing day-boat-caught British fish for Chelsea households.,,official_website
GBR,London,Seafood Producers,Rex Fishmongers Chelsea,"Wet fish, smoked fish, shellfish",Chelsea,51.487,-0.169,4.5,38,,,,Telegraph,Long-established Chelsea independent fishmonger serving SW3 with traditional wet fish counter.,,google_maps
GBR,London,Local Snacks,Rococo Chocolates Chelsea,"Artisan chocolates, ganaches, truffles",Chelsea,51.487,-0.169,4.6,112,34500.0,,https://www.rococochocolates.com,"Guardian, FT, Telegraph",King's Road flagship of the heritage indie British chocolatier producing inventive small-batch chocolates.,,official_website
GBR,London,Local Snacks,La Cure Gourmande Chelsea,Artisan French biscuits and confectionery,Chelsea,51.487,-0.169,4.4,84,15000.0,,https://www.la-cure-gourmande.com,,Indie French confectionery boutique with Chelsea presence stocking artisan biscuits and sweets.,,official_website
GBR,London,Local Snacks,Hotel Chocolat Chelsea (indie roots),"Bean-to-bar chocolates, truffles",Chelsea,51.487,-0.169,4.3,245,450000.0,85000.0,https://www.hotelchocolat.com,FT,UK-founded craft chocolatier with Chelsea presence producing bean-to-bar chocolates from St Lucia cocoa estate.,https://www.hotelchocolat.com/assets/logo.png,official_website
GBR,London,Fruits & Vegetables,Natoora Greengrocer Pavilion Road,"Heritage variety produce, herbs, salad",Chelsea,51.487,-0.169,4.5,164,112000.0,5600.0,https://www.natoora.com,"Guardian, FT, Observer",Pavilion Road greengrocer arm of Natoora supplying heritage-variety produce direct from European small-scale growers.,https://cdn.sanity.io/images/ftjhtw5n/production/fee671986de6a5b19402636e07b9a811792088a5-7360x4912.jpg,official_website
GBR,London,Fruits & Vegetables,Andreas Veg Chelsea supply,Specialty British and continental produce,Chelsea,51.487,-0.169,4.7,118,24500.0,,https://www.andreasveg.co.uk,"Guardian, FT",Independent specialist greengrocer supplying Chelsea households and restaurants with premium seasonal produce.,"https://custom-images.strikinglycdn.com/res/hrscywv4p/image/upload/c_limit,fl_lossy,h_630,w_1200,f_auto,q_auto/18122330/932165_637628.png",official_website
GBR,London,Bakeries,Outsider Tart,"American baking, cakes, cookies",Chiswick,51.494,-0.268,4.2,482,12400.0,,https://www.outsidertart.com,"Guardian, Time Out, Telegraph",Chiswick High Road American bakery from David Lesniak and David Muniz known for cult brownies and layer cakes.,,official_website
GBR,London,Bakeries,The Pavilion Bakery Chiswick,"Sourdough, viennoiserie, pastries",Chiswick,51.494,-0.268,4.5,96,38000.0,,https://www.pavilionbakery.com,Time Out,Chiswick branch of the Hackney indie microbakery producing acclaimed sourdough and laminated pastries.,,official_website
GBR,London,Bakeries,Theobroma Cacao,"Artisan chocolates, brownies, patisserie",Chiswick,51.494,-0.268,4.6,48,3100.0,,https://www.theobromacacao.co.uk,"Guardian, Telegraph",Turnham Green Terrace chocolatier-bakery producing bean-to-bar chocolates and Chiswick patisserie.,,official_website
GBR,London,Coffee Roasteries,Artisan Coffee,"Speciality espresso, single origin, retail beans",Chiswick,51.494,-0.268,4.5,312,14500.0,,https://www.artisancoffee.co.uk,"Time Out, Standard",Devonshire Road indie specialty roaster and cafe sourcing single-origin beans for the W4 catchment.,,official_website
GBR,London,Coffee Roasteries,Tamp Coffee,"Speciality espresso, batch brew",Chiswick,51.494,-0.268,4.6,184,5200.0,,https://www.tampcoffee.co.uk,,Independent Chiswick specialty coffee bar serving carefully roasted beans to W4 locals.,http://www.tampcoffee.co.uk/cdn/shop/files/Tamp_Coffee_-_Profile_Picture_46823a6e-1088-41d8-a9c2-d3665513c9d5.jpg?v=1719061830,official_website
GBR,London,Coffee Roasteries,Foxcroft and Ginger Chiswick,"Speciality coffee, bakery, brunch",Chiswick,51.494,-0.268,4.1,245,8400.0,,https://www.foxcroftandginger.com,Time Out,Indie all-day cafe-bakery hybrid with Chiswick presence serving speciality coffee with in-house baking.,,official_website
GBR,London,Breweries,Fuller's Griffin Brewery,"London Pride, ESB, seasonal cask ales",Chiswick,51.494,-0.268,4.6,1124,48000.0,3400.0,https://www.fullers.co.uk,"Guardian, FT, Telegraph",Heritage Chiswick brewery in operation since 1845 producing London Pride and other cask ales on the Thames.,https://www.fullers.co.uk/-/media/sites/main-website/social/fullers_share_image.jpg,official_website
GBR,London,Breweries,Sambrook's Brewery Chiswick Powerhouse,"Wandle, Junction, craft ales",Chiswick,51.494,-0.268,4.6,340,15400.0,,https://www.sambrooksbrewery.co.uk,"Time Out, CAMRA",Battersea-founded craft brewery relocated to the Chiswick Powerhouse riverside site producing flagship British ales.,,official_website
GBR,London,Delicatessen,Mortimer and Bennett,"Artisan cheese, charcuterie, larder",Chiswick,51.494,-0.268,4.8,72,4200.0,,https://www.mortimerandbennett.co.uk,"Guardian, FT, Telegraph",Turnham Green Terrace independent deli championing small-producer cheese,,official_website
GBR,London,Delicatessen,Macken Brothers Deli Counter,"Cheese, charcuterie, pies, pantry",Chiswick,51.494,-0.268,4.6,34,,,https://www.mackenbrothers.co.uk,"Telegraph, FT",Turnham Green Terrace butcher-deli with pie and cheese counter serving Chiswick households since 1929.,,official_website
GBR,London,Butcher Shops,Macken Brothers,"Free-range British meat, sausages, game",Chiswick,51.494,-0.268,4.8,142,4500.0,,https://www.mackenbrothers.co.uk,"Guardian, Telegraph, FT",Three-generation family butcher on Turnham Green Terrace serving Chiswick with free-range British meat since 1929.,,official_website
GBR,London,Butcher Shops,John Stenton Butchers,"British meat, sausages, free-range poultry",Chiswick,51.494,-0.268,4.7,86,,,,,Long-established Devonshire Road independent butcher serving W4 with British meat and free-range poultry.,,google_maps
GBR,London,Butcher Shops,The Real Meat Co Chiswick,Free-range and rare-breed British meat,Chiswick,51.494,-0.268,4.4,28,,,,,Independent Chiswick butcher specialising in free-range and rare-breed British meat with sustainability focus.,,google_maps
GBR,London,Seafood Producers,Covent Garden Fishmongers,"Day-boat fish, shellfish, smoked fish",Chiswick,51.494,-0.268,4.7,94,1200.0,,https://www.coventgardenfishmongers.co.uk,"Guardian, Telegraph",Turnham Green Terrace independent fishmonger named for the old market sourcing day-boat-caught British fish.,,official_website
GBR,London,Fruits & Vegetables,Andreas Veg Chiswick,Specialty British and continental produce,Chiswick,51.494,-0.268,4.6,112,24500.0,,https://www.andreasveg.co.uk,"Guardian, FT",Independent specialist greengrocer supplying Chiswick chefs and home cooks with premium seasonal produce.,"https://custom-images.strikinglycdn.com/res/hrscywv4p/image/upload/c_limit,fl_lossy,h_630,w_1200,f_auto,q_auto/18122330/932165_637628.png",official_website
GBR,London,Fruits & Vegetables,Theo's Greek Greengrocer,"Mediterranean produce, herbs, fruits",Chiswick,51.494,-0.268,4.5,42,,,,,Long-running Chiswick Greek-owned greengrocer celebrated for Mediterranean produce and herbs.,,google_maps
GBR,London,Bakeries,Bageriet,"Swedish pastries, cinnamon buns, breads",Clerkenwell,51.5236,-0.1051,4.7,312,15400.0,,https://www.bageriet.co.uk,"Time Out, Guardian",Tiny Rose Street Swedish bakery beloved for cardamom buns and traditional Scandi breads on the Hatton Garden fringe.,https://d69uypo851qep.cloudfront.net/uploads/images/user9094/b02bca2f4a3ef_image.jpg,official_website
GBR,London,Bakeries,Karma Bread,"Sourdough, pastries, focaccia",Clerkenwell,51.5236,-0.1051,4.6,245,18500.0,,https://www.karmabread.co.uk,,Exmouth Market microbakery producing organic sourdough and pastries with strong local trade.,,official_website
GBR,London,Bakeries,Lluna Bakery,"Catalan ensaimadas, sourdough, viennoiserie",Clerkenwell,51.5236,-0.1051,4.5,84,3400.0,,https://www.llunabakery.co.uk,Time Out,St John Street Catalan-leaning bakery known for ensaimadas and laminated pastries.,,official_website
GBR,London,Coffee Roasteries,Workshop Coffee,"Single-origin espresso, filter, retail beans",Clerkenwell,51.5236,-0.1051,4.6,842,45000.0,,https://www.workshopcoffee.com,"Guardian, FT, Standard",St John Street roastery and flagship cafe pioneering London's specialty third-wave coffee scene.,,official_website
GBR,London,Coffee Roasteries,Caravan Coffee Roasters,"Single-origin espresso, filter, blends",Clerkenwell,51.5236,-0.1051,4.5,1254,68000.0,2800.0,https://www.caravancoffeeroasters.co.uk,"Time Out, FT, Standard",Exmouth Market original roastery-cafe credited as one of London's specialty coffee pioneers.,,official_website
GBR,London,Coffee Roasteries,Department of Coffee and Social Affairs,"Speciality espresso, blends, retail beans",Clerkenwell,51.5236,-0.1051,4.3,542,21000.0,,https://www.departmentofcoffee.com,"Standard, Time Out",Leather Lane original location of the indie speciality roastery group with Clerkenwell roots.,,official_website
GBR,London,Breweries,Crate Brewery (Clerkenwell taproom),"Craft beer, pale ale, lager",Clerkenwell,51.5236,-0.1051,4.5,312,42000.0,,https://www.cratebrewery.com,Time Out,Clerkenwell extension of the Hackney Wick craft brewery serving fresh-from-tank beer near Exmouth Market.,,official_website
GBR,London,Distilleries,Sacred Spirits Clerkenwell tasting room,"Microdistilled gin, vermouth, English negroni",Clerkenwell,51.5236,-0.1051,4.8,45,12400.0,,https://www.sacredspiritscompany.com,"Standard, Telegraph",Highgate-based distiller with Clerkenwell tasting presence producing English vermouth and small-batch gin.,,official_website
GBR,London,Delicatessen,Brindisa,"Spanish charcuterie, cheeses, olive oils",Clerkenwell,51.5236,-0.1051,4.5,340,52000.0,,https://www.brindisa.com,"Guardian, FT, Observer",Exmouth Market Spanish food specialist with cult-status charcuterie counter and pantry from Iberian artisan makers.,,official_website
GBR,London,Delicatessen,Quality Chop House Shop,"Charcuterie, cheese, wine, pantry",Clerkenwell,51.5236,-0.1051,4.7,112,84000.0,,https://www.thequalitychophouse.com,"Guardian, FT, Observer",Farringdon Road shop attached to the heritage chop house selling its house-made charcuterie and curated pantry.,,official_website
GBR,London,Delicatessen,La Fauxmagerie,Plant-based artisan cheeses,Clerkenwell,51.5236,-0.1051,4.8,215,95000.0,,https://www.lafauxmagerie.com,"Vogue, Time Out",UK's pioneer vegan cheesemonger championing plant-based artisan cheeses with Clerkenwell deli presence.,https://saporia.com/cdn/shop/files/Big_bundle_Landscape-2_437b1dc9-bad9-4804-80e5-000013b2df79.jpg?v=1759689670,official_website
GBR,London,Butcher Shops,Smithfield Market traders,"Whole-carcass British meat, game",Clerkenwell,51.5236,-0.1051,4.4,184,,,,"Guardian, FT",Historic wholesale meat market on Charterhouse Street whose independent stallholders supply London's restaurants and butchers.,,google_maps
GBR,London,Seafood Producers,J Sheekey supply / Smithfield fish traders,"Fresh fish, shellfish, smoked salmon",Clerkenwell,51.5236,-0.1051,4.5,42,,,,,Clerkenwell-adjacent independent fish wholesalers serving Exmouth Market restaurants and local trade.,,google_maps
GBR,London,Local Snacks,Prufrock Snacks,"Speciality coffee shop snacks, baked goods",Clerkenwell,51.5236,-0.1051,4.6,1420,34000.0,,https://www.prufrockcoffee.com,Time Out,Leather Lane speciality coffee shop producing in-house baked snacks alongside its coffee roastery.,http://static1.squarespace.com/static/5f2d5528bfc27f59d308787e/t/68307fc8995b5a0b4226bd98/1748008904321/Bunny+copy.png?format=1500w,official_website
GBR,London,Fruits & Vegetables,Exmouth Market traders,"Seasonal produce, herbs, market staples",Clerkenwell,51.5236,-0.1051,4.5,320,,,,,Long-running Exmouth Market independent traders supplying daily produce to Clerkenwell residents.,,google_maps
GBR,London,Bakeries,Bread Ahead Covent Garden,"Sourdough, doughnuts, baking school",Covent Garden,51.5117,-0.124,4.4,684,320000.0,45000.0,https://www.breadahead.com,"Time Out, Evening Standard",Cult doughnuts and baking school at the Market Building with strong Covent Garden footfall and craft credentials.,https://www.breadahead.com/wp-content/uploads/Bakery-1.jpeg,official_website
GBR,London,Bakeries,Beigel Bake Covent Garden,"Hand-rolled beigels, salt beef",Covent Garden,51.5117,-0.124,4.2,154,38500.0,4200.0,,,Independent beigel bakery offering East-End-style hand-rolled beigels in central Covent Garden.,,google_maps
GBR,London,Bakeries,Pophams Seven Dials,"Laminated pastries, sourdough, pizza",Covent Garden,51.5117,-0.124,4.6,312,125000.0,8900.0,https://www.pophamsbakery.com,"Time Out, Eater London",Award-winning laminated pastry specialist expanding from Islington to Seven Dials with distinctive viennoiserie.,https://pophamsbakery.com/cdn/shop/files/cardimon_buns_pophams_pophamsbakeryc_1_738bd0e9-7e3e-4a1a-b1cd-c831fef21ec9_1200x.jpg?v=1765306358,official_website
GBR,London,Coffee Roasteries,Monmouth Coffee Company,"Single-origin filter, espresso, retail beans",Covent Garden,51.5117,-0.124,4.7,2842,89000.0,,https://www.monmouthcoffee.co.uk,"Guardian, FT, Time Out",The founding Monmouth Street shop is a pioneer of UK speciality coffee and a Covent Garden institution.,https://www.monmouthcoffee.co.uk/wp-content/uploads/2024/06/CG.jpg,official_website
GBR,London,Coffee Roasteries,Notes Coffee Roasters,"Speciality espresso, single origin",Covent Garden,51.5117,-0.124,4.3,412,24000.0,,https://notescoffee.com,"Evening Standard, Time Out",London speciality roaster with original Wellington Street cafe near the Opera House and own roasting operation.,,official_website
GBR,London,Coffee Roasteries,Lundenwic,"Antipodean-style speciality coffee, brunch",Covent Garden,51.5117,-0.124,4.5,284,12000.0,,https://www.lundenwic.co.uk,Time Out,Independent Aldwych-edge Covent Garden cafe sourcing speciality beans with strong barista craft reputation.,https://www.lundenwic.co.uk/assets/logo.png,official_website
GBR,London,Breweries,Long Arm Pub & Brewery (Covent Garden Tap),"Cask and keg ales, on-site brewing",Covent Garden,51.5117,-0.124,4.2,92,5000.0,,,,Independent brewing-led venue near Covent Garden pouring own and London craft beers in a non-chain format.,,google_maps
GBR,London,Distilleries,City of London Distillery satellite bar,"London Dry gin, distillery experiences",Covent Garden,51.5117,-0.124,4.5,118,15000.0,,https://cityoflondondistillery.com,Evening Standard,Independent London gin distillery with Covent Garden-adjacent retail and experiences supporting a premium gin range.,,official_website
GBR,London,Delicatessen,Neal's Yard Dairy,"British and Irish farmhouse cheese, dairy",Covent Garden,51.5117,-0.124,4.7,1124,145000.0,5200.0,https://www.nealsyarddairy.co.uk,"Guardian, FT, Observer",Seminal Shorts Gardens cheesemonger championing British farmhouse cheesemakers and a global Covent Garden landmark.,,official_website
GBR,London,Delicatessen,The Tea House Covent Garden,"Loose-leaf teas, accessories",Covent Garden,51.5117,-0.124,4.5,184,4300.0,,,,Long-standing independent Neal Street tea specialist offering a curated range of loose-leaf teas.,,google_maps
GBR,London,Delicatessen,Cybele Free-From,"Gluten-free baked goods, free-from groceries",Covent Garden,51.5117,-0.124,4.4,28,1500.0,,,,Independent free-from deli serving Covent Garden with specialist gluten-free and allergen-friendly products.,,google_maps
GBR,London,Local Soft Drinks,Whittard of Chelsea Covent Garden flagship,"Hot chocolate, tea, instant teas",Covent Garden,51.5117,-0.124,4.5,842,68000.0,12500.0,https://www.whittard.co.uk,,British heritage tea and hot chocolate brand with a Covent Garden Piazza flagship offering distinctive UK-made drinks ranges.,https://www.whittard.co.uk/assets/logo.png,official_website
GBR,London,Local Snacks,The Fudge Kitchen Covent Garden,"Hand-made fudge, confectionery",Covent Garden,51.5117,-0.124,4.6,312,18500.0,,https://www.fudgekitchen.co.uk,Time Out,UK independent confectioner hand-making fudge on-site at Covent Garden Market with strong demonstration theatre.,http://www.fudgekitchen.co.uk/cdn/shop/files/Handmade-Fudge-Fudge-Kitchen.jpg?v=1733243228,official_website
GBR,London,Local Snacks,Hope and Greenwood,"Retro British sweets, chocolates",Covent Garden,51.5117,-0.124,4.3,54,3100.0,,https://www.hopeandgreenwood.co.uk,Telegraph,Independent British confectioner with a Covent Garden sweet shop curating traditional retro UK sweets.,,official_website
GBR,London,Local Snacks,Choccywoccydoodah,"Sculpted chocolate, cakes",Covent Garden,51.5117,-0.124,4.2,412,24000.0,,https://www.choccywoccydoodah.com,"BBC, Telegraph",Independent artisan chocolatier known for sculpted Belgian chocolate creations with a Covent Garden boutique.,,official_website
GBR,London,Bakeries,Dunn's Bakery,"Sourdough, celebration cakes, pastries, sausage rolls",Crouch End,51.5793,-0.123,4.6,542,12400.0,,https://dunns-bakery.co.uk,"Time Out, Guardian",Sixth-generation family bakery on The Broadway operating since 1820 and a Crouch End institution.,,official_website
GBR,London,Bakeries,Sourdough Sophia,"100% sourdough loaves, rye, croissants",Crouch End,51.5793,-0.123,4.8,312,45000.0,18400.0,https://sourdoughsophia.com,"Conde Nast Traveller, Time Out",Crouch End micro-bakery hailed by CN Traveller as one of London's best for naturally leavened sourdough.,,official_website
GBR,London,Bakeries,Oakfield Bakery,"Sourdough, organic flour breads, pastries",Crouch End,51.5793,-0.123,4.5,42,2100.0,,,,Husband-and-wife micro-bakery producing limited-run sourdough from a converted Crouch End home setup.,,google_maps
GBR,London,Coffee Roasteries,Coffee Circus,"Espresso, filter coffee, brunch",Crouch End,51.5793,-0.123,4.7,184,5400.0,,https://www.coffeecircus.co.uk,,Crouch Hill independent specialty coffee shop pouring beans from Mission Coffee Works and Campbell & Syme.,,official_website
GBR,London,Coffee Roasteries,Velasquez and Van Wezel,"Specialty espresso, rotating roasters, homemade cakes",Crouch End,51.5793,-0.123,4.6,214,8200.0,,,"Time Out, Standard",Award-winning Crouch End specialty cafe rotating beans from leading global roasters with house-baked cakes.,,google_maps
GBR,London,Coffee Roasteries,CaffeinateN8,"Allpress espresso, specialty tea, pastries",Crouch End,51.5793,-0.123,4.5,92,3400.0,,https://caffeinate.uk,,Independent neighbourhood cafe on the Broadway pulling Allpress espresso for the Crouch End community.,,official_website
GBR,London,Delicatessen,Fridge of Plenty,"Local produce, cheese, pantry goods, baked items",Crouch End,51.5793,-0.123,4.8,112,15400.0,,https://fridgeofplenty.com,"Guardian, Time Out",Crouch Hill deli and urban farm shop sourcing within the M25 and championing British seasonal growers.,,official_website
GBR,London,Delicatessen,Bread & Bean,"Coffee, deli sandwiches, pastries, cheese",Crouch End,51.5793,-0.123,4.6,284,6500.0,,,,Park Road cafe-deli offering sandwiches and pantry items alongside specialty coffee for Crouch End locals.,,google_maps
GBR,London,Butcher Shops,Freemans Butchers,"Free-range beef, lamb, pork, house sausages",Crouch End,51.5793,-0.123,4.6,45,,,,,Topsfield Parade independent butcher trading on Tottenham Lane with locally sourced and house-made products.,,google_maps
GBR,London,Seafood Producers,Walter Purkis & Sons,"Fresh fish, own-smoked haddock and salmon, shellfish",Crouch End,51.5793,-0.123,4.7,112,3400.0,,https://walterpurkisandsons.com,"Guardian, Time Out, Standard",Broadway fishmonger operating London's oldest working smokehouse with daily Billingsgate deliveries.,https://www.walterpurkisandsons.com/wp-content/uploads/2014/10/wet-fish.jpg,official_website
GBR,London,Local Snacks,Udderlicious,"Artisan ice cream, rotating monthly flavours",Crouch End,51.5793,-0.123,4.6,184,24500.0,1200.0,https://udderlicious.co.uk,"Time Out, Standard",Topsfield Parade independent ice cream maker with democratic flavour voting and inventive seasonal specials.,,official_website
GBR,London,Fruits & Vegetables,Crouch End Greens,"Organic fruit and veg, local produce",Crouch End,51.5793,-0.123,4.4,38,,,,,Independent Crouch End greengrocer focused on chemical-free organic fruit and vegetables for the neighbourhood.,,google_maps
GBR,London,Fruits & Vegetables,Fridge of Plenty Farm Shop,"Seasonal British produce, local growers",Crouch End,51.5793,-0.123,4.8,112,15400.0,,https://fridgeofplenty.com,"Guardian, Time Out",Urban farm shop arm of Fridge of Plenty supplying seasonal produce from growers within the M25 corridor.,,official_website
GBR,London,Bakeries,Blackbird Bakery,"Sourdough, pastries, cakes, sandwiches",Crystal Palace,51.418,-0.078,4.4,132,8400.0,,https://www.instagram.com/blackbirdbakeries/,,Long-established artisan bakery on Westow Street serving the Crystal Palace Triangle with sourdough and pastries.,,google_maps
GBR,London,Bakeries,Bread Bread,"Sourdough, rye, focaccia, croissants, cinnamon buns",Crystal Palace,51.418,-0.078,4.5,96,12500.0,,https://www.breadbreadbakery.co.uk/,,Naturally-fermented artisan loaves sold every Saturday at Crystal Palace Food Market on Haynes Lane.,,official_website
GBR,London,Bakeries,Ben's Bakery,"Hand-made cakes, salted caramel fudge, pate de fruit, gluten-free polenta yuzu cake",Crystal Palace,51.418,-0.078,4.3,54,1800.0,,https://www.instagram.com/bensbakery04/,,Pastry chef Ben Knell (ex-Hakkasan/Pearl) sells fine-dining-style cakes weekly at Crystal Palace Food Market.,,google_maps
GBR,London,Coffee Roasteries,Sons of Thunder Coffee,"Single-origin Honduran beans, speciality coffee",Crystal Palace,51.418,-0.078,4.8,72,3100.0,,https://www.instagram.com/sonsofthundertrading/,,Local roaster Ron McElroy sells single-origin beans and brews from Crystal Palace Food Market.,,google_maps
GBR,London,Delicatessen,London Smoke & Cure,"Cured meats, charcuterie, smoked fish, cheeses",Crystal Palace,51.418,-0.078,4.9,64,11200.0,,https://londonsmokeandcure.co.uk/,,Bermondsey smokehouse with a regular Crystal Palace Food Market stall offering charcuterie and cheeses.,,official_website
GBR,London,Delicatessen,Olives & More,"Olives, extra virgin olive oil, Spanish ceramics",Crystal Palace,51.418,-0.078,4.7,42,4200.0,,https://www.instagram.com/olivesandmorelondon/,,Carla's Mediterranean deli stall is a Saturday fixture at Crystal Palace Food Market on Haynes Lane.,,google_maps
GBR,London,Delicatessen,Comfort & Joy,"Pies, scotch eggs, sausage rolls, hot wraps, salads",Crystal Palace,51.418,-0.078,4.5,28,,,,,Andrea's deli counter offers handmade pies and prepared meals each Saturday at Crystal Palace Food Market.,,google_maps
GBR,London,Butcher Shops,Pick's Organic Farm,"Organic chicken, pork, lamb, beef, burgers and bacon baps",Crystal Palace,51.418,-0.078,4.6,34,2400.0,,,,Organic farm-direct butcher trades weekly at Crystal Palace Food Market with cooked burgers and raw cuts.,,google_maps
GBR,London,Seafood Producers,Veaseys Fishmonger,Fresh fish and seafood from Eastbourne day-boat Le Belhara,Crystal Palace,51.418,-0.078,4.5,52,1600.0,,,,Day-boat fishmonger lands catch in Eastbourne and sells whole slabs at Crystal Palace Food Market Saturdays.,,google_maps
GBR,London,Local Snacks,Marcelo's Ice Cream,"Oat-milk gelato in 90+ flavours, vegan ice cream",Crystal Palace,51.418,-0.078,4.7,84,3800.0,,https://www.marcelosicecream.com/,,Anerley-based gelato makers James and Lindsay sell house-made oat-milk gelato at Crystal Palace Food Market.,https://le-cdn.website-editor.net/s/a6cd493cba1f4c949634506e4276b4a0/dms3rep/multi/opt/Marcelos_Chosen_v4+%281%29-6-1920w.jpg?Expires=1780846376&Signature=UfCKYzjcAr2PkRXK-VSRAUrjmtKTRAbsX5trYRKl4-eUzXwR63qmtAeiKhDl4tPJqYHtRAZV9fJY0s2rA~LBwhgBSoCd9FSOgurHb8MjgWsHhSqeZIiBazICdAyK8reUWHrh4Q3V8EKSg-RghajYuvzYKNuDOb2Lk~SPHOVgCHK1O2o-9id5pwLHmnXnxKrdGMoGVDnJDm30gNZdEzgtmUQqPnWFC~BhrBm9LpiHjU1z47~CIkM6es0NQ6t2uVHilGXJlCsHrVgtBGh8T105ZqOihWHu8j3r0s18DEjT1rz8BjBF9OHk2-ey~JdMpQfJv0De4IeMu-Mz3nRI0ZK7Pg__&Key-Pair-Id=K2NXBXLF010TJW,official_website
GBR,London,Local Snacks,Shanti Kitchens,"Vegan cacao, raw chocolates, biscuits, moringa, ashwagandha",Crystal Palace,51.418,-0.078,4.6,24,,,,,David's plant-based snack and wellness stall sells raw vegan chocolates weekly at Crystal Palace Food Market.,,google_maps
GBR,London,Fruits & Vegetables,Peterson's Organic,Organic fruit and veg from Kent,Crystal Palace,51.418,-0.078,4.5,18,3200.0,,https://www.instagram.com/petersons.farm.produce/,,Kent organic farm supplies the Crystal Palace Triangle every Saturday at Haynes Lane food market.,,google_maps
GBR,London,Fruits & Vegetables,Wild Country Organics,"Organic veg, salads and herbs grown in unheated greenhouses",Crystal Palace,51.418,-0.078,4.7,42,18500.0,,https://www.instagram.com/wild_country_organics_/,,Cambridge-area organic grower brings glasshouse leaves and herbs to Crystal Palace Food Market weekly.,,google_maps
GBR,London,Fruits & Vegetables,Brambletye Biodynamic,"Biodynamic veg, mushrooms, apples, apple juice, ferments, honey",Crystal Palace,51.418,-0.078,4.8,34,,,,,Forest Row biodynamic farm sells fruit juice and ferments each Saturday at Crystal Palace Food Market.,,google_maps
GBR,London,Bakeries,Dusty Knuckle Bakery,"Sourdough, sandwiches, pastries",Dalston,51.5462,-0.075,4.7,1420,135000.0,12400.0,https://www.thedustyknuckle.com,"Guardian, FT, Observer",Dalston flagship of the social-enterprise bakery training ex-offenders and producing acclaimed naturally leavened sourdough.,http://static1.squarespace.com/static/5e749115cb4ed13d67064c2d/t/5e9c20126ff3c35bddee4281/1587290131375/Screenshot+2020-04-19+at+10.55.08.png?format=1500w,official_website
GBR,London,Bakeries,Brawsum Bakehouse,"Sourdough, focaccia, viennoiserie",Dalston,51.5462,-0.075,4.6,54,4300.0,,,,Dalston microbakery producing small-batch sourdough and seasonal pastries to a loyal local following.,,google_maps
GBR,London,Bakeries,Yummy Sing Bakery,"Chinese steamed buns, baked snacks",Dalston,51.5462,-0.075,4.3,68,,,,,Kingsland Road Asian indie bakery specialising in Chinese buns and traditional baked snacks.,,google_maps
GBR,London,Coffee Roasteries,Brunswick East,"Speciality espresso, single origin filter",Dalston,51.5462,-0.075,4.5,412,24500.0,,https://www.brunswickeast.com,"Time Out, Standard",Dalston Lane specialty coffee shop with Antipodean DNA roasting and serving its own beans.,https://www.brunswickeast.com/assets/logo.png,official_website
GBR,London,Coffee Roasteries,Cafe Route,"Speciality coffee, Middle Eastern snacks",Dalston,51.5462,-0.075,4.2,324,8200.0,,,,Dalston independent coffee bar combining specialty espresso with Middle Eastern bakery snacks.,,google_maps
GBR,London,Coffee Roasteries,Tina We Salute You,"Speciality espresso, single origin",Dalston,51.5462,-0.075,4.4,215,12400.0,,https://www.tinawesaluteyou.com,Time Out,De Beauvoir-Dalston independent specialty coffee bar serving carefully sourced espresso.,,official_website
GBR,London,Breweries,Hackney Brewery Dalston taproom,"Pale ale, lager, stout, sour",Dalston,51.5462,-0.075,4.6,118,35000.0,,https://www.hackneybrewery.co.uk,"Time Out, CAMRA",Hackney Brewery's Dalston taproom presence within the borough's craft beer scene.,,official_website
GBR,London,Breweries,Pressure Drop Brewing,"IPA, pale ale, lager",Dalston,51.5462,-0.075,4.7,194,42000.0,,https://www.pressuredropbrewing.co.uk,"Time Out, CAMRA",Dalston-rooted craft brewery (now Tottenham) producing pale ales and IPAs with strong East London distribution.,,official_website
GBR,London,Distilleries,Dalston Distillery,"Small-batch gin, vodka",Dalston,51.5462,-0.075,4.4,12,1500.0,,,,Independent E8 craft distillery producing small-batch gin and vodka with Dalston botanical references.,,google_maps
GBR,London,Delicatessen,Of Olive,"Olive oils, Mediterranean larder, deli",Dalston,51.5462,-0.075,4.8,34,2100.0,,,,Independent Dalston Mediterranean deli specialising in olive oils and small-producer pantry.,,google_maps
GBR,London,Delicatessen,Turkish Food Centre,"Turkish pantry, cheeses, charcuterie",Dalston,51.5462,-0.075,4.1,642,,,,,Kingsland Road Turkish supermarket-deli anchoring Dalston's Turkish food scene with extensive imported pantry.,,google_maps
GBR,London,Delicatessen,Sutton and Sons,"Smoked fish, deli, fish counter",Dalston,51.5462,-0.075,4.5,842,12500.0,,https://www.suttonandsons.co.uk,Time Out,Stoke Newington-Dalston independent fishmonger-deli with smoked fish and curated seafood pantry.,http://static1.squarespace.com/static/61a6524c42b8840d9e0a4fb2/t/61b71b9b55af341842bd3939/1639390107347/White+PNG.png?format=1500w,official_website
GBR,London,Butcher Shops,Hill & Szrok,"Whole-carcass British meat, charcuterie",Dalston,51.5462,-0.075,4.6,184,28000.0,,https://www.hillandszrok.co.uk,"Guardian, FT, Observer",Master butcher with Dalston cookhouse extension serving whole-carcass British rare-breed meat.,,official_website
GBR,London,Butcher Shops,Meat N16,"British and halal cuts, sausages",Dalston,51.5462,-0.075,4.5,94,5400.0,,,,Independent butcher on the Dalston-Stoke Newington boundary serving both British and halal cuts.,,google_maps
GBR,London,Butcher Shops,FreshFarm Butchers,"Halal meat, fresh cuts",Dalston,51.5462,-0.075,4.4,38,,,,,Kingsland Road halal butcher serving Dalston's Turkish and Kurdish community with traditional cuts.,,google_maps
GBR,London,Seafood Producers,Ridley Road Market Fish Stalls,"Fresh fish, African and Caribbean species",Dalston,51.5462,-0.075,4.2,64,,,,Time Out,Ridley Road Market independent fishmonger stalls catering to Dalston's African and Caribbean community.,,google_maps
GBR,London,Local Soft Drinks,Dalston's Soda Co,"Craft soda, cucumber soda, ginger beer",Dalston,51.5462,-0.075,4.6,94,18500.0,2100.0,https://www.dalstons.com,"Guardian, FT, Time Out",Dalston-born indie craft soda producer pioneering British real-fruit soft drinks (now national but still locally rooted).,http://dalstons.com/cdn/shop/files/Cans_GradientBlue_EDITED.png?v=1704450042,official_website
GBR,London,Local Snacks,Cobble Lane Cured,"British charcuterie, cured meats",Dalston,51.5462,-0.075,4.8,54,35000.0,,https://www.cobblelane.co.uk,"Guardian, Observer, FT",Highbury-Dalston artisan British charcuterie maker producing salami and cured meats from British rare breeds.,,official_website
GBR,London,Fruits & Vegetables,Ridley Road Market Greengrocers,"African, Caribbean and continental produce",Dalston,51.5462,-0.075,4.3,112,,,,"Guardian, Time Out",Long-running Ridley Road Market independent greengrocers serving Dalston's diverse communities with diaspora produce.,,google_maps
GBR,London,Fruits & Vegetables,Newington Green Fruit and Veg,"Seasonal produce, herbs, fruit",Dalston,51.5462,-0.075,4.6,412,12400.0,,,,Newington Green independent greengrocer serving Dalston-area households with quality fresh produce.,,google_maps
GBR,London,Fruits & Vegetables,TAC Foods,Turkish and Mediterranean produce,Dalston,51.5462,-0.075,4.5,150,,,,,Kingsland Road Turkish-Mediterranean grocer with strong fresh produce and herb selection for Dalston households.,,google_maps
GBR,London,Bakeries,Baban's Naan,"Naan breads, flatbreads, za'atar/sesame/cheese variants",Finsbury Park,51.5642,-0.1066,4.8,342,8500.0,,,Time Out,Blackstock Road local institution producing affordable hand-baked naan and flatbreads daily.,,google_maps
GBR,London,Bakeries,Common Ground,"Sourdough loaves, pastries, brunch bakes",Finsbury Park,51.5642,-0.1066,4.6,215,14500.0,,,,Independent Stroud Green Road and Seven Sisters Road cafe-bakery offering in-house sourdough and pastries.,,google_maps
GBR,London,Bakeries,Happening Bagel Bakery,"Bagels, challah, Danish pastries",Finsbury Park,51.5642,-0.1066,4.4,684,3100.0,,,,Seven Sisters Road bagel bakery trading since 1994 producing fresh bagels and challah daily.,,google_maps
GBR,London,Bakeries,Boulangerie Bon Matin,"Viennoiserie, croissants, French pastries",Finsbury Park,51.5642,-0.1066,4.5,412,5400.0,,https://www.boulangeriebonmatin.co.uk,,Paris-trained independent boulangerie with original Finsbury Park shop and City North outlet by the station.,,official_website
GBR,London,Bakeries,The Dusty Knuckle Harringay,"Sourdough loaves, pizza, sandwiches",Finsbury Park,51.5642,-0.1066,4.7,245,135000.0,12400.0,https://thedustyknuckle.com,"Time Out, Guardian",N4 1HA Green Lanes outpost of the acclaimed social-enterprise bakery known for naturally leavened bread.,http://static1.squarespace.com/static/5e749115cb4ed13d67064c2d/t/5e9c20126ff3c35bddee4281/1587290131375/Screenshot+2020-04-19+at+10.55.08.png?format=1500w,official_website
GBR,London,Bakeries,Authentique Boulangerie,"French sourdough, viennoiserie, baguettes",Finsbury Park,51.5642,-0.1066,4.6,112,5400.0,,,,Independent French artisan bakery in the Finsbury Park area awarded for traditional baked goods.,,google_maps
GBR,London,Delicatessen,Yasar Halim,"Turkish-Cypriot pastries, olives, cheeses, pantry",Finsbury Park,51.5642,-0.1066,4.4,1254,14500.0,,,,Long-established Green Lanes Turkish-Cypriot deli stocking baklava,,google_maps
GBR,London,Bakeries,Honey & Co Daily,"Middle Eastern pastries, cakes, breads",Fitzrovia,51.52,-0.138,4.6,214,112000.0,5200.0,https://www.honeyandco.co.uk,"Guardian, Observer Food Monthly",Acclaimed Middle Eastern bakery on Great Portland Street producing daily fresh pastries and breads.,,official_website
GBR,London,Coffee Roasteries,The Attendant Fitzrovia,"Single-origin espresso, in-house roasted coffee",Fitzrovia,51.52,-0.138,4.5,1684,42000.0,,https://attendantcoffee.com,"Time Out, Conde Nast Traveller, Guardian",Original location in restored Victorian public convenience on Foley Street roasting specialty coffee in-house.,http://attendantcoffee.com/cdn/shop/files/social_share_header.jpg?v=1629906440&width=1200,official_website
GBR,London,Coffee Roasteries,Kaffeine,"Specialty espresso, single-origin filter coffee",Fitzrovia,51.52,-0.138,4.6,1420,28000.0,,https://kaffeine.co.uk,"Guardian, Independent",Pioneering Antipodean-style specialty coffee shop on Eastcastle Street with strong reputation among baristas.,,official_website
GBR,London,Coffee Roasteries,Lantana Cafe,"Australian-style coffee, brunch",Fitzrovia,51.52,-0.138,4.4,1124,35000.0,,https://lantana.co.uk,"Time Out, Evening Standard",Independent Australian cafe on Charlotte Place pioneering Antipodean coffee culture in Fitzrovia.,"https://images.prismic.io/lantanacafe/aPDucJ5xUNkB2DVX_StevenJoyce-JOS2025065D00038.jpg?auto=format,compress&rect=0,177,2500,1313&w=2400&h=1260",official_website
GBR,London,Bakeries,Bayley & Sage Fulham Bakery,"Sourdough, pastries, artisan bread",Fulham,51.48,-0.195,4.3,54,15400.0,,https://www.bayley-sage.co.uk,,Independent fine-food grocer on New Kings Road with in-house bakery counter selling sourdough and viennoiserie.,https://www.bayley-sage.co.uk/assets/logo.png,official_website
GBR,London,Bakeries,Megan's on the Green,"Sourdough, cakes, brunch bakes",Fulham,51.48,-0.195,4.5,684,64000.0,4300.0,https://www.megansrestaurants.com,,Parsons Green flagship of independent group baking sourdough and cakes daily on site.,,official_website
GBR,London,Bakeries,Gail's Bakery Parsons Green,"Sourdough, viennoiserie, seasonal bakes",Fulham,51.48,-0.195,4.2,412,125000.0,24000.0,https://gailsbread.co.uk,,London craft bakery branch on New Kings Road producing naturally leavened breads and pastries.,http://gails.com/cdn/shop/files/gails-newsletter-form-image_03d0191a-83a9-47f7-8994-42e477eb2e1c.jpg?v=1687534409&width=1200,official_website
GBR,London,Coffee Roasteries,Workshop Coffee Fulham,"Specialty espresso, filter, single origin",Fulham,51.48,-0.195,4.6,132,45000.0,,https://www.workshopcoffee.com,,London specialty roaster with Fulham presence pouring direct-trade beans roasted at their HQ.,,official_website
GBR,London,Coffee Roasteries,Coffee Lounge Fulham,"Specialty espresso, flat whites",Fulham,51.48,-0.195,4.4,96,1800.0,,,,Independent Fulham Road specialty coffee bar championing small-batch roasters with neighbourhood following.,,google_maps
GBR,London,Coffee Roasteries,Over Under Coffee Fulham,"Specialty espresso, filter, beans",Fulham,51.48,-0.195,4.5,184,24500.0,,https://www.overundercoffee.com,,Independent London micro-chain with Fulham Road outpost serving specialty espresso from rotating roasters.,http://static1.squarespace.com/static/69949f1cbd35861db643de9e/t/69967a3ab08a7c2d9e42b247/1771469371017/OVERUNDER+PITCH+DECK+PHOTOS+%2814+of+20%29.jpg?format=1500w,official_website
GBR,London,Distilleries,Hayman's of London,"London Dry gin, Old Tom, Sloe gin",Fulham,51.48,-0.195,4.8,312,38000.0,,https://haymansgin.com,"Telegraph, FT",Family-run London gin distillery historically tied to Fulham trade and widely stocked across SW6 independents.,https://www.haymansgin.com/wp-content/uploads/2020/08/haymans-social.jpg,official_website
GBR,London,Delicatessen,Bayley & Sage New Kings Road,"Cheese, charcuterie, deli, fine foods",Fulham,51.48,-0.195,4.3,118,15400.0,,https://www.bayley-sage.co.uk,,Independent SW London fine-food deli with Fulham branch curating British and European artisan produce.,https://www.bayley-sage.co.uk/assets/logo.png,official_website
GBR,London,Delicatessen,Eat 17 Fulham,"Bacon jam, deli, grocery, ready meals",Fulham,51.48,-0.195,4.4,245,19500.0,,https://eat17.co.uk,Time Out,Independent neighbourhood grocer-deli on Fulham Road known for own-label Bacon Jam and artisan provisions.,https://www.eat17.co.uk/wp-content/uploads/2021/12/WALTHAM-STOW-HERO.jpg,official_website
GBR,London,Delicatessen,The Italian Farmers Fulham,"Italian cured meats, cheese, pasta, oils",Fulham,51.48,-0.195,4.6,48,3200.0,,,,Independent Fulham deli importing small-producer Italian charcuterie and regional pantry goods.,,google_maps
GBR,London,Butcher Shops,Randalls Butchers,"Dry-aged beef, lamb, game, sausages",Fulham,51.48,-0.195,4.7,118,6500.0,,https://www.randallsbutchers.co.uk,"Telegraph, Time Out",Wandsworth Bridge Road family butcher established 1986 known for native breed beef and house sausages.,,official_website
GBR,London,Butcher Shops,The Parsons Nose,"Free-range poultry, game, charcuterie",Fulham,51.48,-0.195,4.5,312,15400.0,,https://theparsonsnose.co.uk,,Parsons Green independent butcher specialising in free-range birds and seasonal British game.,https://www.ballooinns.com/img/containers/assets/social-hold.png/f5c8e986bf09f916a708789254e67ca7.png,official_website
GBR,London,Butcher Shops,H G Walter,"Native breed beef, dry-aged steaks, sausages",Fulham,51.48,-0.195,4.8,542,45000.0,2400.0,https://www.hgwalter.com,"Guardian, FT, Telegraph",Long-established Barons Court/Fulham butcher renowned for grass-fed native breed beef and dry-ageing programme.,https://cdn.shopify.com/s/files/1/0994/7706/files/NL_PortraitArtboard_1_resized_2_1e319fa4-df4c-4db9-941d-2dde7231530b.png?v=1623266098,official_website
GBR,London,Seafood Producers,Sandy's Fishmongers SW6,"Wet fish, shellfish, smoked fish",Fulham,51.48,-0.195,4.6,92,4200.0,,,,Independent SW London fishmonger supplying Fulham households with day-boat wet fish and shellfish.,,google_maps
GBR,London,Seafood Producers,Kennedy's Fishmongers Fulham,"Day boat fish, oysters, shellfish",Fulham,51.48,-0.195,4.4,154,,,,,Traditional Fulham fishmonger sourcing day-boat catch from Cornish and Scottish ports.,,google_maps
GBR,London,Fruits & Vegetables,Andreas Veg Fulham,"Seasonal produce, herbs, specialty veg",Fulham,51.48,-0.195,4.5,64,24500.0,,https://andreasveg.co.uk,Guardian,Independent greengrocer with Fulham trade sourcing from New Covent Garden and continental growers for SW6 households.,"https://custom-images.strikinglycdn.com/res/hrscywv4p/image/upload/c_limit,fl_lossy,h_630,w_1200,f_auto,q_auto/18122330/932165_637628.png",official_website
GBR,London,Fruits & Vegetables,Fulham Road Greengrocer,Seasonal fruit and vegetables,Fulham,51.48,-0.195,4.3,28,,,,,Independent Fulham Road greengrocer supplying neighbourhood with daily fresh produce from London markets.,,google_maps
GBR,London,Bakeries,E5 Bakehouse,"Sourdough, viennoiserie, pastries",Hackney,51.545,-0.0553,4.6,1842,92000.0,5400.0,https://www.e5bakehouse.com,"Guardian, FT, Time Out",London Fields railway-arch organic bakery milling its own flour and supplying restaurants across the capital.,https://e5bakehouse.com//sites/default/files/styles/hero_large/public/2021-07/GH9A9637E5Bakehouse.jpg,official_website
GBR,London,Bakeries,Pophams Bakery London Fields,"Laminated pastries, viennoiserie, sourdough",Hackney,51.545,-0.0553,4.6,684,125000.0,8900.0,https://www.pophamsbakery.com,"Guardian, Time Out, FT",Hackney outpost of the cult indie bakery known for Marmite & Cheddar pinwheels and inventive laminated pastries.,https://pophamsbakery.com/cdn/shop/files/cardimon_buns_pophams_pophamsbakeryc_1_738bd0e9-7e3e-4a1a-b1cd-c831fef21ec9_1200x.jpg?v=1765306358,official_website
GBR,London,Bakeries,Yeast Bakery,"Sourdough, focaccia, pastries",Hackney,51.545,-0.0553,4.7,112,18500.0,,https://www.yeastbakery.co.uk,Time Out,Hackney microbakery producing small-batch sourdough and seasonal pastries with strong local following.,,official_website
GBR,London,Coffee Roasteries,Climpson & Sons,"Speciality espresso, filter, retail beans",Hackney,51.545,-0.0553,4.6,954,54000.0,3100.0,https://www.climpsonandsons.com,"Guardian, FT, Standard",Broadway Market cornerstone specialty roastery,https://cdn.shopify.com/s/files/1/0232/4869/files/Climpson_Sons_SocialSharingImage.png?v=1632308307,official_website
GBR,London,Coffee Roasteries,Square Mile Coffee Roasters,"Speciality coffee beans, espresso blends",Hackney,51.545,-0.0553,4.7,412,85000.0,4200.0,https://shop.squaremilecoffee.com,"Guardian, FT, Observer",Bethnal Green-Hackney specialty roaster co-founded by Anette Moldvaer supplying top London cafes.,http://shop.squaremilecoffee.com/cdn/shop/files/Square_Mile_Coffee_Roasters_London.png?v=1761044789,official_website
GBR,London,Coffee Roasteries,Allpress Espresso Dalston Lane,"Speciality espresso, single origins",Hackney,51.545,-0.0553,4.5,512,89200.0,1800.0,https://uk.allpressespresso.com,"Time Out, Caffeine Magazine",Antipodean-style indie roaster with Dalston Lane Hackney roastery-cafe and hot-air roasting setup.,,official_website
GBR,London,Breweries,Five Points Brewing Co,"Pale ale, lager, IPA, stout",Hackney,51.545,-0.0553,4.6,342,28000.0,,https://www.fivepointsbrewing.co.uk,"Guardian, CAMRA, Time Out",Hackney Downs employee-owned craft brewery whose pale ales anchor East London's beer scene.,http://fivepointsbrewing.co.uk/cdn/shop/files/Courtyard-Five-Points-Signage_1.jpg?crop=center&height=1200&v=1697207589&width=1200,official_website
GBR,London,Breweries,Hackney Brewery,"Pale ale, lager, stout, sour",Hackney,51.545,-0.0553,4.6,118,35000.0,,https://www.hackneybrewery.co.uk,"Time Out, CAMRA",Original Hackney railway-arch brewery (now with Blackhorse Lane site) anchoring borough's craft beer identity.,,official_website
GBR,London,Breweries,London Fields Brewery,"Pale ale, lager, IPA",Hackney,51.545,-0.0553,4.3,512,12000.0,,https://www.londonfieldsbrewery.co.uk,"Time Out, Standard",Mentmore Terrace railway-arch craft brewery with taproom serving London Fields locals.,,official_website
GBR,London,Breweries,Howling Hops,"Tank-fresh craft beer, IPA, lager",Hackney,51.545,-0.0553,4.6,412,24500.0,,https://www.howlinghops.co.uk,"Time Out, CAMRA",Hackney Wick Tank Bar pioneer serving craft beer direct from steel tanks rather than kegs.,,official_website
GBR,London,Distilleries,Hackney Herbal,"Botanical syrups, herbal blends, gin botanicals",Hackney,51.545,-0.0553,4.8,64,18500.0,,https://www.hackneyherbal.com,Time Out,Hackney social-enterprise herbal botanical maker supplying distilleries and producing its own teas and cordials.,http://static1.squarespace.com/static/57fe8a6ad2b85761e70d0f1b/t/57fe8eafbe65945c6500d366/1639564123000/hackney%2Bherbal.jpg?format=1500w,official_website
GBR,London,Delicatessen,L'Epicerie @ 56,"Italian charcuterie, cheese, pantry",Hackney,51.545,-0.0553,4.7,92,5200.0,,,Time Out,Chatsworth Road Italian deli stocking artisan salumi,,google_maps
GBR,London,Delicatessen,Buongiorno Italia,"Italian deli, fresh pasta, charcuterie",Hackney,51.545,-0.0553,4.6,184,4300.0,,,,Hackney Italian deli with strong local following for fresh pasta and traditional Italian groceries.,,google_maps
GBR,London,Delicatessen,La Bouche,"French charcuterie, cheese, larder",Hackney,51.545,-0.0553,4.5,214,8400.0,,,,French-style independent deli serving Hackney with curated charcuterie and farmhouse cheese.,,google_maps
GBR,London,Butcher Shops,Hackney Wick Butchers,"British meat, sausages, free-range poultry",Hackney,51.545,-0.0553,4.4,38,,,,,Independent E9 butcher serving Hackney Wick with British meat,,google_maps
GBR,London,Butcher Shops,Provenance Butcher Chatsworth Road,Free-range and rare-breed British meat,Hackney,51.545,-0.0553,4.7,112,24500.0,,https://www.provenancebutcher.com,,Chatsworth Road butcher specialising in free-range British meat and sustainability-focused supply chain.,https://provenancebutcher.com/cdn/shop/files/1440x1440--account-3_77a59516-5845-4842-b89a-01a454e8d505_1200x1200.jpg?v=1623766550,official_website
GBR,London,Seafood Producers,Fin and Flounder,"Fresh fish, shellfish, smoked fish",Hackney,51.545,-0.0553,4.8,154,38000.0,,https://www.finandflounder.co.uk,"Guardian, Time Out",Broadway Market sustainability-focused independent fishmonger supplying day-boat-caught British seafood.,,official_website
GBR,London,Seafood Producers,Sons + Daughters Smokery,"Smoked salmon, smoked fish",Hackney,51.545,-0.0553,4.6,42,8200.0,,,Time Out,Hackney artisan smoker producing oak-smoked British salmon and other smoked fish.,,google_maps
GBR,London,Local Snacks,The Estate Dairy,"Specialty British milk, butter, cream",Hackney,51.545,-0.0553,4.7,64,28000.0,,https://www.theestatedairy.com,"FT, Observer","Hackney-based dairy distributor sourcing British specialty milk, butter and cream from heritage farms.",,official_website
GBR,London,Local Snacks,Happy Endings,Artisan ice cream sandwiches,Hackney,51.545,-0.0553,4.8,112,42000.0,,https://www.happyendings.london,"Guardian, Time Out",Hackney indie ice cream brand producing handmade ice cream sandwiches with cookie inclusions.,,official_website
GBR,London,Local Snacks,Ruby Violet Ice Cream,"Artisan ice cream, sorbets, ice cream sandwiches",Hackney,51.545,-0.0553,4.5,312,19500.0,,https://www.rubyviolet.co.uk,"Guardian, FT, Time Out",Hackney-based small-batch ice cream maker with cult following for inventive flavours.,,official_website
GBR,London,Fruits & Vegetables,Growing Communities,"Organic veg-box scheme, market produce",Hackney,51.545,-0.0553,4.6,84,12400.0,,https://www.growingcommunities.org,"Guardian, Observer",Stoke Newington/Hackney organic veg-box pioneer supplying local farm produce direct to households.,,official_website
GBR,London,Fruits & Vegetables,Broadway Market Greengrocer,"Seasonal British produce, herbs",Hackney,51.545,-0.0553,4.4,28,,,,,Broadway Market independent traders providing seasonal British produce on Saturdays and to local cafes.,,google_maps
GBR,London,Bakeries,Gail's Bakery Hampstead,"Sourdough, pastries, viennoiserie",Hampstead,51.556,-0.178,4.1,342,125000.0,24000.0,https://gailsbakery.co.uk,"Guardian, Standard",Hampstead High Street branch of London craft bakery offering daily sourdough and viennoiserie.,,official_website
GBR,London,Bakeries,Dominique's Bakery Hampstead,"French pastries, croissants, celebration cakes",Hampstead,51.556,-0.178,4.3,92,4200.0,,https://www.dominiquesbakery.com,,Independent French-style bakery serving Heath Street area with handmade pastries and cakes.,,official_website
GBR,London,Bakeries,Le Pain Quotidien Hampstead,"Organic sourdough, Belgian pastries, tartines",Hampstead,51.556,-0.178,4.0,412,154000.0,,https://www.lepainquotidien.com,,Hampstead High Street outlet of the organic bakery known for communal-table sourdough loaves.,https://www.datocms-assets.com/138964/1748605951-protein_bread-1.jpg?auto=format&fit=max&w=1200,official_website
GBR,London,Coffee Roasteries,Ginger & White Hampstead,"Specialty espresso, British roasted beans, brunch",Hampstead,51.556,-0.178,4.4,284,11200.0,,https://www.gingerandwhite.com,"Guardian, Time Out",Perrins Court independent cafe championing British specialty roasters and a Hampstead fixture since 2009.,http://www.gingerandwhite.com/cdn/shop/files/Coffees_77613dac-1c1e-4c53-a4ec-4d9d090f2f69.png?v=1676159841,official_website
GBR,London,Coffee Roasteries,Coffee Cup Hampstead,"Espresso, filter coffee, cafe staples",Hampstead,51.556,-0.178,4.2,512,5400.0,,,,Long-standing Hampstead High Street cafe trading since the 1950s serving classic espresso-based drinks.,,google_maps
GBR,London,Delicatessen,Hampstead Butcher & Providore Deli,"Dry-aged meats, cheese, charcuterie, larder goods",Hampstead,51.556,-0.178,4.5,118,16400.0,,https://www.hampsteadbutcher.com,"Guardian, Telegraph, FT",Rosslyn Hill butcher and deli stocking British rare-breed meat alongside artisan cheese and pantry goods.,,official_website
GBR,London,Delicatessen,Hampstead Creperie,"Sweet and savoury crepes, Breton galettes",Hampstead,51.556,-0.178,4.6,1254,32000.0,12500.0,,"Guardian, Time Out",Iconic Hampstead High Street stall serving handmade crepes for decades and a neighbourhood landmark.,,google_maps
GBR,London,Butcher Shops,Hampstead Butcher & Providore,"Rare-breed beef, lamb, pork, house charcuterie",Hampstead,51.556,-0.178,4.5,184,16400.0,,https://www.hampsteadbutcher.com,"Guardian, Telegraph, FT",Rosslyn Hill independent butcher renowned for dry-aged British rare-breed meat and house-made charcuterie.,,official_website
GBR,London,Fruits & Vegetables,Hampstead Community Market,"Seasonal produce, local growers, fresh vegetables",Hampstead,51.556,-0.178,4.4,54,2100.0,,,,Community market on Hampstead's fringe featuring small London growers and seasonal British produce.,,google_maps
GBR,London,Bakeries,Blackbird Bakery Herne Hill,"Sourdough, pastries, cakes, viennoiserie",Herne Hill,51.4533,-0.0993,4.4,164,8400.0,,https://www.blackbirdbakery.com,"Time Out, Evening Standard",South London bakery with Herne Hill Half Moon Lane branch known for sourdough and pastries.,,official_website
GBR,London,Bakeries,Born and Bread Bakery,"Naturally leavened sourdough, focaccia, pastries",Herne Hill,51.4533,-0.0993,4.8,78,12400.0,,https://www.bornandbread.co.uk,,Independent Herne Hill microbakery championing long-ferment naturally leavened breads at Herne Hill Sunday Market.,https://www.bornandbread.co.uk/assets/logo.png,official_website
GBR,London,Bakeries,Old Post Office Bakery,"Organic sourdough, ryes, wholegrain loaves",Herne Hill,51.4533,-0.0993,4.6,215,6500.0,,https://www.oldpostofficebakery.co.uk,"Guardian, Time Out",Long-standing organic bakery sold at Herne Hill Sunday Market with heritage-grain sourdough focus.,,official_website
GBR,London,Coffee Roasteries,Lowlander Coffee Herne Hill,"Specialty espresso, single origin filter",Herne Hill,51.4533,-0.0993,4.5,42,1800.0,,,,Independent Herne Hill specialty coffee bar serving craft espresso to local commuters near the station.,,google_maps
GBR,London,Coffee Roasteries,Pavement Coffee Herne Hill,"Specialty espresso, batch brew, beans",Herne Hill,51.4533,-0.0993,4.6,132,3100.0,,,,Half Moon Lane independent coffee specialist known for guest-roaster beans and pour-over service.,,google_maps
GBR,London,Coffee Roasteries,Lulu's Coffee Herne Hill,"Espresso, filter, cakes",Herne Hill,51.4533,-0.0993,4.6,84,4500.0,,,,Neighbourhood Herne Hill cafe pouring specialty roasted beans to local Half Moon Lane regulars.,,google_maps
GBR,London,Breweries,Canopy Beer Co,"Cask and keg ales, lager, IPAs",Herne Hill,51.4533,-0.0993,4.5,214,12400.0,,https://www.canopybeer.com,"Time Out, CAMRA",Herne Hill railway arch brewery and taproom on Norwood Road producing small-batch cask and keg beer.,,official_website
GBR,London,Delicatessen,Olleys Fish Experience Deli,"Smoked fish, larder, prepared foods",Herne Hill,51.4533,-0.0993,4.6,92,3100.0,,https://www.olleys.info,"Time Out, Standard",Long-running Norwood Road fish institution with deli counter for smoked and prepared seafood.,,official_website
GBR,London,Delicatessen,Cannon and Cannon at Herne Hill Market,"British charcuterie, cured meats, cheese",Herne Hill,51.4533,-0.0993,4.7,54,11200.0,,https://www.cannonandcannon.com,"Guardian, FT",British charcuterie specialist trading at Herne Hill Sunday Market with curated small-producer cured meats.,,official_website
GBR,London,Delicatessen,The Cheese Block Herne Hill,"British and European artisan cheese, larder",Herne Hill,51.4533,-0.0993,4.7,342,6400.0,,,,Half Moon Lane independent cheesemonger and deli with rotating small-producer cheese selection.,,google_maps
GBR,London,Butcher Shops,Dugard and Sons Herne Hill,"Free range and rare breed meat, sausages",Herne Hill,51.4533,-0.0993,4.6,118,5200.0,,https://www.dugardandsons.co.uk,,Family-run Half Moon Lane butcher known for traceable free-range meat and house sausages.,,official_website
GBR,London,Butcher Shops,William Rose Butchers at Herne Hill Market,"Native breed beef, lamb, pork, charcuterie",Herne Hill,51.4533,-0.0993,4.7,214,15400.0,,https://www.williamrosebutchers.com,"Guardian, Observer, Time Out",Acclaimed butcher trading at Herne Hill Sunday Market with native-breed traceable meat sourcing.,,official_website
GBR,London,Seafood Producers,Moxons Fishmongers Herne Hill,"Day boat fish, shellfish, smoked fish",Herne Hill,51.4533,-0.0993,4.6,154,12500.0,,https://www.moxonsfreshfish.com,"Time Out, Guardian",Award-winning independent fishmonger on Half Moon Lane parade sourcing British day-boat catch.,"https://static.wixstatic.com/media/80cd98_a644f9729b354ee0af515a4adace02dd~mv2.jpg/v1/fill/w_2500,h_1788,al_c/80cd98_a644f9729b354ee0af515a4adace02dd~mv2.jpg",official_website
GBR,London,Seafood Producers,Olleys Fish Experience,"Sustainably sourced fish, smoked salmon, fish cakes",Herne Hill,51.4533,-0.0993,4.5,1124,8500.0,,https://www.olleys.info,"Standard, Time Out",Norwood Road fishmonger-restaurant institution recognised by industry for sustainable British seafood.,,official_website
GBR,London,Local Snacks,Romeo Jones at Herne Hill Market,"Artisan chocolate, biscuits, larder treats",Herne Hill,51.4533,-0.0993,4.4,96,4300.0,,https://www.romeojones.co.uk,,Dulwich-based deli trading at Herne Hill Sunday Market with British artisan snack and chocolate selection.,,official_website
GBR,London,Fruits & Vegetables,Herne Hill Sunday Market Veg Stalls,Seasonal British fruit and vegetables,Herne Hill,51.4533,-0.0993,4.6,142,18500.0,,https://www.hernehillmarket.com,"Guardian, Time Out",Sunday market under the railway arches with multiple independent organic and small-farm produce stalls.,,official_website
GBR,London,Fruits & Vegetables,Herne Hill Fruit and Veg,"Daily greengrocery, herbs, produce",Herne Hill,51.4533,-0.0993,4.3,52,,,,,Independent Half Moon Lane greengrocer serving the neighbourhood with daily-rotated fresh produce.,,google_maps
GBR,London,Fruits & Vegetables,Oliveology at Herne Hill Market,"Greek produce, olive oil, olives, preserves",Herne Hill,51.4533,-0.0993,4.7,84,14500.0,2100.0,https://www.oliveology.co.uk,"Guardian, FT",Borough Market originated Greek specialist trading at Herne Hill Sunday Market with single-estate olive oils.,,official_website
GBR,London,Bakeries,Fabrique Bakery Lamb's Conduit,"Swedish cardamom buns, sourdough",Holborn,51.5174,-0.12,4.5,312,54000.0,,https://fabrique.co.uk,,Swedish stone-oven bakery on Lamb's Conduit Street known for cardamom buns and wood-fired sourdough.,,official_website
GBR,London,Bakeries,Pophams Holborn,"Laminated pastries, cinnamon swirls, viennoiserie",Holborn,51.5174,-0.12,4.6,412,125000.0,8900.0,https://www.pophamsbakery.com,"Time Out, Evening Standard",Cult London laminated pastry bakery with a Holborn outpost serving inventive viennoiserie and bread.,https://pophamsbakery.com/cdn/shop/files/cardimon_buns_pophams_pophamsbakeryc_1_738bd0e9-7e3e-4a1a-b1cd-c831fef21ec9_1200x.jpg?v=1765306358,official_website
GBR,London,Bakeries,Borough 22 (Leather Lane stall),"Filled doughnuts, seasonal flavours",Holborn,51.5174,-0.12,4.6,45,12500.0,,https://www.borough22.com,,Independent doughnut maker trading regularly on Leather Lane market with seasonal filled doughnuts.,http://borough22.com/cdn/shop/files/LOVE_YOURZ_BANNER_07e3d806-8b1b-4339-883b-0b603d7a0f31.jpg?v=1739204330,official_website
GBR,London,Coffee Roasteries,Prufrock Coffee,"Espresso, single origin filter, barista training",Holborn,51.5174,-0.12,4.5,1420,34000.0,,https://prufrockcoffee.com,"Guardian, Financial Times",Pioneer of third-wave specialty coffee in London with longstanding Leather Lane flagship and roasting heritage.,http://static1.squarespace.com/static/5f2d5528bfc27f59d308787e/t/68307fc8995b5a0b4226bd98/1748008904321/Bunny+copy.png?format=1500w,official_website
GBR,London,Coffee Roasteries,Department of Coffee and Social Affairs (Leather Lane),"House-roasted espresso, filter, retail beans",Holborn,51.5174,-0.12,4.3,542,21000.0,,https://departmentofcoffee.com,,Original Leather Lane site of the British specialty roaster known for in-house roasting and retail beans.,,official_website
GBR,London,Coffee Roasteries,Knockbox Coffee,"Specialty espresso, filter, rotating UK roasters",Holborn,51.5174,-0.12,4.6,214,5400.0,,https://www.knockboxcoffee.co.uk,,Independent Lamb's Conduit Street specialty cafe pouring rotating UK roasters for the local creative community.,,google_maps
GBR,London,Breweries,Holborn Whippet,"Cask and keg craft beer, taproom",Holborn,51.5174,-0.12,4.4,612,3800.0,,https://www.holbornwhippet.com,,Independent craft beer pub on Sicilian Avenue with a rotating list of UK small-brewery cask and keg.,,official_website
GBR,London,Delicatessen,Ben's House (Lamb's Conduit),"Sandwiches, deli goods, charcuterie",Holborn,51.5174,-0.12,4.5,38,2400.0,,,,Long-standing independent sandwich and deli counter serving the Lamb's Conduit Street office and residential trade.,,google_maps
GBR,London,Delicatessen,Noble Fine Liquor (Leather Lane),"Natural wine, craft spirits, deli pantry",Holborn,51.5174,-0.12,4.7,92,11200.0,,https://noblefineliquor.co.uk,,Independent natural wine and pantry shop on Leather Lane curating small-producer bottles and deli staples.,,official_website
GBR,London,Fruits & Vegetables,Leather Lane Market greengrocers,"Seasonal fruit and veg, market stalls",Holborn,51.5174,-0.12,4.3,54,,,,,Weekday Leather Lane street market hosts independent fruit and vegetable stalls serving Holborn residents and workers.,,google_maps
GBR,London,Bakeries,Yolk Hoxton,"Sourdough, pastries, all-day bakes",Hoxton,51.532,-0.079,4.5,118,16400.0,,https://www.yolklondon.com,,Independent bakery-cafe operating in the Hoxton area focused on freshly baked pastries and sourdough.,,official_website
GBR,London,Bakeries,Bread by Bike,"Sourdough loaves, focaccia, cycle-delivered bread",Hoxton,51.532,-0.079,4.7,342,18500.0,,https://www.breadbybike.com,,Sustainability-focused micro-bakery delivering by bicycle to the Hoxton area with an artisan ethos.,,official_website
GBR,London,Bakeries,Hoxton Beach Bakery,"Falafel flatbreads, Mediterranean breads",Hoxton,51.532,-0.079,4.4,154,8400.0,,https://www.hoxtonbeach.com,Time Out,Hoxton-rooted Mediterranean bakery operation supplying flatbreads and falafel from a neighbourhood base.,,official_website
GBR,London,Coffee Roasteries,Strangers Coffee Hoxton,"Filter, espresso, retail beans",Hoxton,51.532,-0.079,4.6,72,3100.0,,,,Small-batch speciality coffee operator with a Hoxton presence serving locally roasted single-origin coffee.,,google_maps
GBR,London,Coffee Roasteries,Yolk Coffee Programme,"Single-origin espresso, filter",Hoxton,51.532,-0.079,4.5,118,16400.0,,https://www.yolklondon.com,,Hoxton cafe-bakery pouring rotating UK speciality roasters as part of its food-led independent offering.,,official_website
GBR,London,Breweries,Old Street Brewery,"Pale ales, lagers, taproom beers",Hoxton,51.532,-0.079,4.6,194,14500.0,,https://www.oldstreetbrewery.com,,Craft brewery founded on the Hoxton-Old Street border producing core-range cask and keg ales.,,official_website
GBR,London,Distilleries,Hoxton Gin,London dry gin with coconut and grapefruit botanicals,Hoxton,51.532,-0.079,4.3,28,9200.0,,https://www.hoxtongin.co.uk,"Time Out, Evening Standard",Hoxton-branded contemporary gin with distinctive tropical botanicals reflecting the area's experimental drinks scene.,,official_website
GBR,London,Delicatessen,F. Cooke (Hoxton Street heritage),"Traditional pie, mash, eels and liquor",Hoxton,51.532,-0.079,4.4,215,,,,"Guardian, Time Out",Historic Hoxton Street pie-and-mash institution embodying the neighbourhood's traditional working-class food heritage.,,google_maps
GBR,London,Butcher Shops,Hoxton Street Market butchers,"Fresh meat, poultry, charcuterie",Hoxton,51.532,-0.079,4.3,34,,,,,Independent butcher stalls trading at the historic Hoxton Street Market dating to 1687.,,google_maps
GBR,London,Fruits & Vegetables,Hoxton Street Market greengrocers,"Seasonal fruit, vegetables, herbs",Hoxton,51.532,-0.079,4.2,42,,,,,Long-running greengrocer stalls at Hoxton Street Market supplying locals with fresh produce daily.,,google_maps
GBR,London,Bakeries,Pophams Bakery Islington,"Laminated pastries, viennoiserie, sourdough",Islington,51.5362,-0.1033,4.6,684,125000.0,8900.0,https://www.pophamsbakery.com,"Guardian, Time Out, FT",Prebend Street flagship of the cult indie bakery famed for Marmite & Cheddar pinwheels and inventive laminated pastries.,https://pophamsbakery.com/cdn/shop/files/cardimon_buns_pophams_pophamsbakeryc_1_738bd0e9-7e3e-4a1a-b1cd-c831fef21ec9_1200x.jpg?v=1765306358,official_website
GBR,London,Bakeries,Yeotown Kitchen Bakery,"Spelt sourdough, healthful pastries",Islington,51.5362,-0.1033,4.4,92,5400.0,,,,Upper Street wellness-focused bakery and cafe producing spelt sourdough and seasonal healthful pastries.,,google_maps
GBR,London,Coffee Roasteries,Workshop Coffee Holloway Road,"Single-origin espresso, filter, retail beans",Islington,51.5362,-0.1033,4.6,132,45000.0,,https://www.workshopcoffee.com,"Guardian, FT, Standard",Workshop's Islington presence supplying its acclaimed specialty single-origin beans.,,official_website
GBR,London,Coffee Roasteries,Tinderbox Coffee Upper Street,"Speciality espresso, single origin",Islington,51.5362,-0.1033,4.1,312,3200.0,,,,Long-running Upper Street independent specialty coffee shop with strong Islington following.,,google_maps
GBR,London,Coffee Roasteries,Brew Yard / Brew Lab Islington,"Speciality espresso, filter",Islington,51.5362,-0.1033,4.5,54,1800.0,,,,Islington indie specialty coffee bar serving carefully sourced beans to the N1 catchment.,,google_maps
GBR,London,Breweries,Hammerton Brewery,"Pale ale, IPA, stout, lager",Islington,51.5362,-0.1033,4.7,194,15400.0,,https://www.hammertonbrewery.co.uk,"Time Out, CAMRA",Holloway Road craft brewery reviving the historic Hammerton family name with a modern Islington taproom.,http://hammertonbrewery.co.uk/cdn/shop/files/0b2474d5-f9d2-ecae-3672-10035880bf4b_783x326.png?v=1750073841,official_website
GBR,London,Breweries,Two Tribes Brewing,"Lager, pale ale, IPA",Islington,51.5362,-0.1033,4.6,215,24500.0,,https://www.twotribes.co.uk,"Time Out, Standard",King's Cross-Islington craft brewery and Goods Way taproom producing accessible craft lagers and ales.,,official_website
GBR,London,Breweries,Earth Ale Brewery,"Pale ale, sour, seasonal beers",Islington,51.5362,-0.1033,4.7,28,4200.0,,,,Islington-area independent craft brewery producing pale ales and seasonal beers for the N1/N5 catchment.,,google_maps
GBR,London,Distilleries,58 and Co Gin,"Small-batch London dry gin, navy strength",Islington,51.5362,-0.1033,4.9,64,12400.0,,https://www.58and.co,"Standard, Time Out",East-Islington area independent gin distillery producing small-batch London dry with Hackney-Islington provenance.,,official_website
GBR,London,Delicatessen,La Fromagerie Highbury,"Artisan cheeses, charcuterie, pantry",Islington,51.5362,-0.1033,4.6,412,35000.0,,https://www.lafromagerie.co.uk,"Guardian, FT, Observer",Highbury Park artisan cheese specialist with cult chef following for European farmhouse cheeses.,https://cdn.shopify.com/s/files/1/0570/3018/0898/files/image_5.png?height=628&pad_color=ffffff&v=1653057453&width=1200,official_website
GBR,London,Delicatessen,Bread and Roses Camden Passage,"Cheese, charcuterie, pantry, wine",Islington,51.5362,-0.1033,4.5,84,6500.0,,,,Camden Passage indie deli stocking curated artisan cheese,,google_maps
GBR,London,Delicatessen,Carluccio Deli (Upper Street indie outlet),"Italian charcuterie, pasta, pantry",Islington,51.5362,-0.1033,4.0,118,,,,,Upper Street Italian deli stocking imported salumi,,google_maps
GBR,London,Butcher Shops,James Elliott Master Butcher,"British meat, game, dry-aged beef",Islington,51.5362,-0.1033,4.8,112,2400.0,,https://www.jameselliottbutchers.com,"Guardian, FT, Telegraph",Essex Road heritage butcher serving Islington with dry-aged British beef and free-range poultry.,,official_website
GBR,London,Butcher Shops,Frank Godfrey Butchers Highbury,"British meat, free-range poultry, game",Islington,51.5362,-0.1033,4.7,64,1800.0,,https://www.fgodfrey.co.uk,"Guardian, FT",Three-generation family butcher on Highbury Park supplying Islington households with British rare-breed meat.,,official_website
GBR,London,Butcher Shops,Meat Joint,"Free-range British meat, charcuterie",Islington,51.5362,-0.1033,4.6,42,,,,,Independent N1 butcher specialising in free-range British meat with strong sustainability focus.,,google_maps
GBR,London,Seafood Producers,Steve Hatt Fishmongers,"Wet fish, smoked fish, shellfish",Islington,51.5362,-0.1033,4.8,342,5200.0,,,"Guardian, FT, Telegraph",Essex Road heritage fishmonger since 1895 serving Islington with day-boat-caught British fish.,,google_maps
GBR,London,Seafood Producers,Prawn on the Lawn,"Cornish fish, oysters, shellfish",Islington,51.5362,-0.1033,4.6,612,34000.0,2100.0,https://www.prawnonthelawn.com,"Guardian, FT, Time Out",St Peter's Street fishmonger-restaurant hybrid with day-boat Cornish fish and oyster bar.,,official_website
GBR,London,Seafood Producers,Fin and Founder N1 supply,"Sustainable fresh fish, smoked fish",Islington,51.5362,-0.1033,4.5,18,,,,,Independent sustainable fishmonger supplying Islington restaurants with day-boat-caught British seafood.,,google_maps
GBR,London,Local Soft Drinks,Hawkes Cidery / Cordial,"London craft cider, cordial",Islington,51.5362,-0.1033,4.5,142,14500.0,,https://www.wearehawkes.com,"Time Out, Standard",London-rooted independent cider maker with Islington area presence producing apple-led drinks.,,official_website
GBR,London,Local Snacks,Paul A Young Fine Chocolates,"Hand-made truffles, chocolates",Islington,51.5362,-0.1033,4.7,214,28000.0,,https://www.paulayoung.co.uk,"Guardian, FT, Observer",Camden Passage flagship of the award-winning indie chocolatier known for inventive truffles and ganaches.,,official_website
GBR,London,Local Snacks,Bea's of Bloomsbury Islington counter,"Artisan cupcakes, brownies, pastries",Islington,51.5362,-0.1033,4.2,96,12500.0,,https://www.beasofbloomsbury.com,Time Out,Indie London bakery-chocolatier with Islington presence producing handmade cupcakes and brownies.,,official_website
GBR,London,Local Snacks,Gelupo Islington,"Artisan Italian gelato, sorbets",Islington,51.5362,-0.1033,4.5,842,42000.0,,https://www.gelupo.com,"Time Out, Guardian",Indie Italian gelateria serving Islington with rotating seasonal gelato flavours made daily.,https://cdn.shopify.com/s/files/1/0271/3016/7409/files/GELUPO_LOCKUP_BLUE_RGB_4c2f1e13-aa3e-436d-90dc-e640346e5676.png?v=1674572666,official_website
GBR,London,Fruits & Vegetables,Chapel Market Greengrocers,"Seasonal produce, fruit, herbs",Islington,51.5362,-0.1033,4.4,118,,,,,Long-running Chapel Market independent traders supplying Islington with daily fresh fruit and vegetables.,,google_maps
GBR,London,Fruits & Vegetables,Andreas Veg Islington supply,Seasonal British and continental produce,Islington,51.5362,-0.1033,4.6,112,24500.0,,https://www.andreasveg.co.uk,"Guardian, FT",Independent specialist greengrocer supplying Islington's chefs and home cooks with premium seasonal produce.,"https://custom-images.strikinglycdn.com/res/hrscywv4p/image/upload/c_limit,fl_lossy,h_630,w_1200,f_auto,q_auto/18122330/932165_637628.png",official_website
GBR,London,Bakeries,Gail's Bakery Kensington Church Street,"Sourdough, viennoiserie, seasonal pastries",Kensington,51.499,-0.19,4.2,215,125000.0,24000.0,https://gailsbakery.co.uk,,Craft London bakery with Kensington Church Street branch known for sourdough and laminated pastries.,,official_website
GBR,London,Bakeries,Aubaine South Kensington,"French viennoiserie, breads, patisserie",Kensington,51.499,-0.19,4.1,642,38000.0,,https://www.aubaine.co.uk,,Brompton Road French bakery-cafe popular in South Kensington for in-house viennoiserie and patisserie.,https://aubaine.co.uk/wp-content/uploads/2017/05/aub-p-1_Aubaine-Facebook-Sharing-Image-IV.jpg,official_website
GBR,London,Bakeries,Le Pain Quotidien South Kensington,"Organic sourdough, Belgian breads, tartines",Kensington,51.499,-0.19,3.9,542,154000.0,,https://www.lepainquotidien.com,,South Kensington branch of artisan Belgian bakery championing organic sourdough and communal-table dining.,https://www.datocms-assets.com/138964/1748605951-protein_bread-1.jpg?auto=format&fit=max&w=1200,official_website
GBR,London,Coffee Roasteries,Notes Coffee South Kensington,"Specialty roasted beans, espresso, filter",Kensington,51.499,-0.19,4.3,342,24000.0,,https://notescoffee.com,"Guardian, Standard",London specialty roaster with South Kensington station cafe serving own-roasted single-origin beans.,,official_website
GBR,London,Coffee Roasteries,Fernandez & Wells South Kensington,"Single-origin espresso, filter coffee",Kensington,51.499,-0.19,4.4,184,8500.0,,https://www.fernandezandwells.com,"FT, Guardian",Independent London cafe-roaster with South Kensington presence serving carefully sourced single-origin coffee.,,official_website
GBR,London,Delicatessen,Partridges of Kensington,"British larder, cheese, charcuterie, preserves",Kensington,51.499,-0.19,4.4,1245,19500.0,,https://www.partridges.co.uk,"Telegraph, FT",Royal Warrant-holding independent grocer with strong British artisan producer curation serving Kensington households.,http://www.partridges.co.uk/cdn/shop/files/Partridges_GL_3_0c4e1424-1094-4255-b9c5-e8608369d62f.png?v=1741354137,official_website
GBR,London,Delicatessen,Maison Blanc South Kensington,"French patisserie, cheese, deli larder",Kensington,51.499,-0.19,4.1,215,5400.0,,https://www.maisonblanc.co.uk,,French artisan patisserie-deli on Old Brompton Road favoured for cheese counter and provisions.,https://www.maisonblanc.co.uk/assets/logo.png,official_website
GBR,London,Butcher Shops,Lidgate's,"Rare-breed beef, game, pies, charcuterie",Kensington,51.499,-0.19,4.7,512,18500.0,,https://www.lidgates.com,"Guardian, Observer, FT",Heritage Holland Park Avenue butcher serving Kensington with rare-breed and ethically reared meats since 1850.,,official_website
GBR,London,Butcher Shops,The Ginger Pig Kensington,"Rare-breed beef, pork, lamb, sausages",Kensington,51.499,-0.19,4.6,312,68000.0,5200.0,https://www.thegingerpig.co.uk,"Guardian, Observer",Yorkshire-farm-sourced rare-breed butcher with Kensington branch known for dry-aged beef and house sausages.,https://thegingerpig.co.uk/wp-content/uploads/2026/05/GingerPighamper-2-1.jpg,official_website
GBR,London,Local Snacks,Rococo Chocolates Kensington,"Bean-to-bar chocolate, hand-rolled truffles",Kensington,51.499,-0.19,4.5,92,34500.0,,https://www.rococochocolates.com,"FT, Telegraph",British craft chocolatier with Kensington presence noted for organic single-origin bars and hand-rolled truffles.,,official_website
GBR,London,Local Snacks,Ladurée South Kensington,"Macarons, French confectionery, patisserie",Kensington,51.499,-0.19,4.2,842,450000.0,125000.0,https://www.laduree.com,,Artisan macaron house with South Kensington boutique known for hand-piped French confectionery.,http://laduree.com/cdn/shop/files/og-share.jpg?v=1741119817&width=1024,official_website
GBR,London,Fruits & Vegetables,Bayley & Sage Kensington,"Seasonal produce, specialty groceries, deli",Kensington,51.499,-0.19,4.3,118,15400.0,,https://www.bayley-sage.co.uk,,Independent neighbourhood grocer serving Kensington with curated seasonal British produce and artisan suppliers.,https://www.bayley-sage.co.uk/assets/logo.png,official_website
GBR,London,Fruits & Vegetables,Whole Foods Market Kensington,"Organic produce, British seasonal vegetables",Kensington,51.499,-0.19,4.4,2345,112000.0,15400.0,https://www.wholefoodsmarket.co.uk,,Kensington High Street flagship with strong independent British grower sourcing for seasonal fruit and vegetables.,,official_website
GBR,London,Bakeries,Sons + Daughters Bakery,"Sourdough, pastries, cakes",Kentish Town,51.55,-0.143,4.6,64,12400.0,,https://www.sonsanddaughtersbakery.com,Time Out,Independent neighbourhood bakery on Fortess Road producing sourdough and viennoiserie with strong Kentish Town local following.,,official_website
GBR,London,Bakeries,Phoenicia Mediterranean Food Hall,"Lebanese flatbreads, pastries, manakish",Kentish Town,51.55,-0.143,4.5,412,14500.0,,https://www.phoenicia.co.uk,"Time Out, Guardian",Family-run Kentish Town Road institution with in-house bakery producing fresh Lebanese breads and pastries daily.,,official_website
GBR,London,Bakeries,Bear + Wolf,"Sourdough, brunch, cakes",Kentish Town,51.55,-0.143,4.4,154,3100.0,,https://www.bearandwolf.london,Time Out,Independent Kentish Town Road cafe-bakery baking sourdough and cakes on-site with strong neighbourhood reputation.,,official_website
GBR,London,Coffee Roasteries,Knoops Kentish Town,"Chocolate drinks, speciality cocoa",Kentish Town,51.55,-0.143,4.6,284,42000.0,8400.0,https://knoops.co.uk,"Evening Standard, Time Out",Independent British chocolate-drink specialist with a Kentish Town outpost offering bean-percentage tailored hot chocolates.,https://cdn.shopify.com/s/files/1/0283/1040/5173/files/knoops_hot_chocolate.jpg?v=1730456312,official_website
GBR,London,Coffee Roasteries,Fork Deli Patisserie,"Speciality coffee, pastries",Kentish Town,51.55,-0.143,4.5,92,2100.0,,,,Independent Kentish Town Road cafe serving speciality coffee alongside an in-house patisserie operation.,,google_maps
GBR,London,Coffee Roasteries,Coffee Room NW5,"Speciality espresso, brunch",Kentish Town,51.55,-0.143,4.6,132,3100.0,,,,Independent Kentish Town speciality coffee shop serving carefully sourced beans to a loyal local NW5 crowd.,,google_maps
GBR,London,Breweries,Camden Town Brewery (Wilkin Street arch),"Lagers, pale ales",Kentish Town,51.55,-0.143,4.6,1254,112000.0,8400.0,https://www.camdentownbrewery.com,"Evening Standard, Guardian",Originating Kentish Town railway-arch brewery on Wilkin Street where Camden Hells lager was first brewed.,http://camdentownbrewery.com/cdn/shop/files/Page_1.png?height=628&pad_color=fff&v=1657016621&width=1200,official_website
GBR,London,Breweries,The Beer Shop London,"Independent craft beer retail, tastings",Kentish Town,51.55,-0.143,4.7,92,4200.0,,https://www.thebeershoplondon.co.uk,Time Out,Independent Fortess Road bottle shop curating UK and European craft brewers with regular Kentish Town tasting events.,https://www.thebeershoplondon.co.uk/uploads/3/7/3/9/37396659/the-beer-shop-029_orig.jpg,official_website
GBR,London,Delicatessen,Salvino Italian Deli,"Italian charcuterie, cheese, pasta",Kentish Town,51.55,-0.143,4.8,214,8500.0,,,,Family-run Italian deli on Fortess Road specialising in imported salumi cheeses and store-cupboard staples for NW5.,,google_maps
GBR,London,Delicatessen,Maison D'Etre,"Coffee, cheese, charcuterie, pantry goods",Kentish Town,51.55,-0.143,4.5,112,5400.0,,,,Independent Kentish Town deli-cafe curating a tightly edited range of artisan cheese charcuterie and pantry staples.,,google_maps
GBR,London,Butcher Shops,M Moen & Sons (Kentish Town),"Dry-aged beef, game, sausages",Kentish Town,51.55,-0.143,4.7,64,2800.0,,,,Independent traditional butcher serving Kentish Town with dry-aged British beef game and house-made sausages.,,google_maps
GBR,London,Butcher Shops,Meat NW5,"British grass-fed meat, charcuterie",Kentish Town,51.55,-0.143,4.6,154,12400.0,,,,Independent butcher offering ethically sourced British grass-fed meats and house-cured products to NW5 households.,,google_maps
GBR,London,Seafood Producers,Sea Harvest Fishmongers,"Fresh fish, shellfish, smoked salmon",Kentish Town,51.55,-0.143,4.5,84,1800.0,,,,Independent Kentish Town Road fishmonger sourcing day-boat fish and shellfish from UK coastal markets.,,google_maps
GBR,London,Local Snacks,Ruby Violet Kentish Town,"Small-batch ice cream, sorbets",Kentish Town,51.55,-0.143,4.5,312,19500.0,,https://www.rubyviolet.co.uk,"Time Out, Guardian",North London small-batch ice cream maker with a Kentish Town presence serving hand-churned NW5-favourite flavours.,,official_website
GBR,London,Fruits & Vegetables,Earth Natural Foods,"Organic produce, wholefoods, bulk grains",Kentish Town,51.55,-0.143,4.6,184,6500.0,,https://www.earthnaturalfoods.co.uk,"Guardian, Time Out",Long-standing independent Kentish Town Road organic grocer and wholefoods shop with strong local sourcing ethos.,,official_website
GBR,London,Fruits & Vegetables,Greenlands Continental Supermarket,"Fresh fruit and veg, Mediterranean produce",Kentish Town,51.55,-0.143,4.4,96,,,,,Independent Kentish Town Road greengrocer-supermarket offering daily fresh produce and Mediterranean specialities at neighbourhood prices.,,google_maps
GBR,London,Fruits & Vegetables,Kentish Town Veg Box Scheme,"Organic veg boxes, UK seasonal produce",Kentish Town,51.55,-0.143,4.7,42,12400.0,,https://growingcommunities.org,Guardian,Community-supported organic veg-box scheme with a regular Kentish Town pickup supporting peri-urban UK growers.,,official_website
GBR,London,Bakeries,Rise Bakehouse,"Sourdough, viennoiserie, pastries",Marylebone,51.5176,-0.1538,4.6,54,8200.0,,,,Independent Marylebone microbakery known for naturally leavened sourdough and laminated pastries.,,google_maps
GBR,London,Bakeries,Comptoir Gourmand Marylebone,"French viennoiserie, croissants, kouign-amann",Marylebone,51.5176,-0.1538,4.4,118,15400.0,,,,French artisan bakery on Marylebone fringe favoured for traditional viennoiserie and laminated pastries.,,google_maps
GBR,London,Coffee Roasteries,Workshop Coffee Marylebone,"Specialty roasted beans, espresso, filter",Marylebone,51.5176,-0.1538,4.6,245,45000.0,,https://www.workshopcoffee.com,"Guardian, Standard",Pioneering London specialty roaster with Marylebone Lane cafe championing direct-trade beans.,,official_website
GBR,London,Coffee Roasteries,Back On Track Coffee Marylebone,"Specialty espresso, single origin filter",Marylebone,51.5176,-0.1538,4.6,42,2100.0,,,,Independent Marylebone coffee bar listed in Marylebone Village directory for craft specialty coffee.,,google_maps
GBR,London,Delicatessen,La Fromagerie Marylebone,"Artisan cheese, charcuterie, larder goods",Marylebone,51.5176,-0.1538,4.6,412,35000.0,,https://www.lafromagerie.co.uk,"FT, Guardian, Telegraph",Iconic Moxon Street cheese-room and deli championing small European and British dairy producers.,https://cdn.shopify.com/s/files/1/0570/3018/0898/files/image_5.png?height=628&pad_color=ffffff&v=1653057453&width=1200,official_website
GBR,London,Delicatessen,Paul Rothe & Son,"Preserves, sandwiches, British larder staples",Marylebone,51.5176,-0.1538,4.7,342,12400.0,,https://www.paulrotheandsondelicatessen.co.uk,"Guardian, Telegraph",Family-run Marylebone Lane delicatessen trading since 1900 with heritage preserves and provisions.,https://plustarot.com/img/banner.webp,official_website
GBR,London,Delicatessen,The Natural Kitchen Marylebone,"British charcuterie, cheese, organic larder",Marylebone,51.5176,-0.1538,4.1,512,5400.0,,https://www.thenaturalkitchen.com,,Marylebone High Street deli-cafe with strong British artisan producer sourcing.,,official_website
GBR,London,Butcher Shops,The Ginger Pig Moxon Street,"Rare-breed beef, pork, lamb, charcuterie",Marylebone,51.5176,-0.1538,4.6,312,68000.0,5200.0,https://www.thegingerpig.co.uk,"FT, Guardian, Observer",Flagship rare-breed butcher with on-site Yorkshire farm sourcing and renowned sausage counter.,https://thegingerpig.co.uk/wp-content/uploads/2026/05/GingerPighamper-2-1.jpg,official_website
GBR,London,Butcher Shops,Biltong St Marcus Marylebone,"South African biltong, droewors, cured beef",Marylebone,51.5176,-0.1538,4.5,118,6500.0,,https://www.stmarcus.co.uk,,Established South African biltong specialist supplying air-dried cured meats from Marylebone base.,,official_website
GBR,London,Seafood Producers,FishWorks Marylebone,"Day-boat fish, shellfish, smoked fish counter",Marylebone,51.5176,-0.1538,4.3,642,11200.0,,https://www.fishworks.co.uk,,Marylebone High Street fishmonger-restaurant supplying day-boat catch and house-smoked products.,,official_website
GBR,London,Local Snacks,Rococo Chocolates Marylebone,"Bean-to-bar chocolate, hand-rolled truffles",Marylebone,51.5176,-0.1538,4.5,92,34500.0,,https://www.rococochocolates.com,"FT, Telegraph",British craft chocolatier with Marylebone boutique known for organic single-origin bars.,,official_website
GBR,London,Fruits & Vegetables,Bayley & Sage Marylebone,"Seasonal produce, specialty groceries, deli",Marylebone,51.5176,-0.1538,4.3,154,15400.0,,https://www.bayley-sage.co.uk,,Independent neighbourhood grocer with strong seasonal produce and British supplier curation.,https://www.bayley-sage.co.uk/assets/logo.png,official_website
GBR,London,Bakeries,Maison Francois Patisserie,"French viennoiserie, gateaux",Mayfair,51.5099,-0.1471,4.6,245,42000.0,3400.0,https://www.maisonfrancois.london,"FT, Vogue, Tatler",Duke Street basement bakery off-shoot of the Mayfair brasserie producing classic French patisserie.,,official_website
GBR,London,Bakeries,Maison Bertaux at The Connaught,"French pastries, gateaux",Mayfair,51.5099,-0.1471,4.5,15,,,,,Specialist pastry counter associated with the Connaught presenting heritage Mayfair patisserie.,,google_maps
GBR,London,Bakeries,Cocomaya Mayfair,"Artisan chocolates, pastries, breads",Mayfair,51.5099,-0.1471,4.4,112,18500.0,,https://www.cocomaya.co.uk,"Vogue, Tatler",Independent bakery-chocolatier with Mayfair-adjacent W1 presence celebrated for craft chocolates and pastries.,https://cocomaya.co.uk/wp-content/uploads/2026/02/2C191CBA-AC32-4392-A1D2-55556A833ECF-1024x544.jpeg,official_website
GBR,London,Coffee Roasteries,Notes Coffee Mayfair,"Speciality espresso, single-origin filter",Mayfair,51.5099,-0.1471,4.3,184,24000.0,,https://www.notescoffee.com,"Standard, Time Out",Independent speciality roaster with Mayfair flagship serving and retailing its own-roasted beans.,,official_website
GBR,London,Coffee Roasteries,Black Sheep Coffee Mayfair,"Robusta-blend espresso, single origins",Mayfair,51.5099,-0.1471,4.1,312,85000.0,18500.0,https://www.leavetheherdbehind.com,Standard,UK-founded indie roaster with Mayfair presence pioneering Robusta-led speciality espresso.,http://blacksheepcoffee.co.uk/cdn/shop/files/social-image.png?v=1692113455,official_website
GBR,London,Distilleries,No.3 London Dry Gin (Berry Bros heritage),London dry gin,Mayfair,51.5099,-0.1471,4.8,64,28000.0,,https://www.no3gin.com,"FT, Telegraph",St James's-aligned heritage gin brand with Mayfair brand presence representing classic London dry tradition.,,official_website
GBR,London,Delicatessen,Allens of Mayfair,"Aged beef, butcher counter, pantry",Mayfair,51.5099,-0.1471,4.6,112,12500.0,,https://www.allensofmayfair.co.uk,"Telegraph, FT",Mount Street heritage butcher and deli established 1830 supplying Mayfair restaurants and households with dry-aged beef.,,official_website
GBR,London,Delicatessen,Lina Stores Mayfair counter,"Italian deli, fresh pasta, salumi",Mayfair,51.5099,-0.1471,4.4,245,185000.0,34000.0,https://www.linastores.co.uk,"Vogue, FT",Mayfair counter of the Soho Italian deli legend stocking artisan pasta and Italian groceries.,,official_website
GBR,London,Delicatessen,La Fromagerie Mayfair,"Artisan cheeses, charcuterie, pantry",Mayfair,51.5099,-0.1471,4.6,118,35000.0,,https://www.lafromagerie.co.uk,"Guardian, FT, Observer",Marylebone-rooted artisan cheesemonger with Mayfair customers and reputation for European farmhouse cheeses.,https://cdn.shopify.com/s/files/1/0570/3018/0898/files/image_5.png?height=628&pad_color=ffffff&v=1653057453&width=1200,official_website
GBR,London,Butcher Shops,Allens of Mayfair (butcher),"Dry-aged British beef, game, poultry",Mayfair,51.5099,-0.1471,4.6,112,12500.0,,https://www.allensofmayfair.co.uk,"Telegraph, FT",Mount Street heritage butcher with two centuries of trade supplying high-end Mayfair restaurants and residents.,,official_website
GBR,London,Butcher Shops,Aubrey Allen Mayfair,"Dry-aged beef, free-range poultry, game",Mayfair,51.5099,-0.1471,4.7,84,15400.0,,https://www.aubreyallen.co.uk,"Telegraph, FT",Independent butcher serving Mayfair's restaurant trade with dry-aged British beef and free-range poultry.,,official_website
GBR,London,Seafood Producers,Wright Brothers Mayfair (supply),"Native oysters, fresh fish, shellfish",Mayfair,51.5099,-0.1471,4.5,542,42000.0,,https://www.thewrightbrothers.co.uk,"FT, Standard",Independent oyster and seafood specialist supplying Mayfair's restaurants from its own UK fisheries.,,official_website
GBR,London,Local Snacks,Charbonnel et Walker,"Hand-rolled truffles, chocolates",Mayfair,51.5099,-0.1471,4.5,612,58000.0,2800.0,https://www.charbonnel.co.uk,"Vogue, Tatler, Telegraph",Royal-Warrant-holding chocolatier on Old Bond Street producing English truffles since 1875 in its Mayfair atelier.,https://charbonnel.co.uk,official_website
GBR,London,Local Snacks,Prestat Chocolates,"Artisan chocolates, truffles",Mayfair,51.5099,-0.1471,4.4,312,24500.0,,https://www.prestat.co.uk,"Vogue, Tatler",Royal-Warrant Mayfair-rooted independent chocolatier known for hand-decorated truffles.,http://prestat.com/cdn/shop/files/Prestat_July_Jewel-Chocolate-Box_27630a76-ce3c-4665-a991-c19e48b3858b.jpg?v=1751295360,official_website
GBR,London,Local Snacks,William Curley Mayfair,"Patissier-chocolatier, fine pastries",Mayfair,51.5099,-0.1471,4.6,184,16400.0,,https://www.williamcurley.com,"FT, Observer",Award-winning chocolatier with Mayfair presence producing exceptional bean-to-bar chocolates and patisserie.,,official_website
GBR,London,Fruits & Vegetables,Shepherd Market traders,"Seasonal produce, herbs, specialty fruit",Mayfair,51.5099,-0.1471,4.4,96,,,,,Independent greengrocer presence in Shepherd Market serving Mayfair residents with curated seasonal produce.,,google_maps
GBR,London,Bakeries,Layla Bakery,"Sourdough, viennoiserie, focaccia",Notting Hill,51.509,-0.196,4.7,342,45000.0,12400.0,https://www.laylabakery.com,"Guardian, Time Out, FT",Westbourne Park bakery from the Maison Francois team producing acclaimed naturally leavened sourdough.,,official_website
GBR,London,Bakeries,Crumb Notting Hill,"Sourdough, sandwiches, pastries",Notting Hill,51.509,-0.196,4.5,84,8200.0,,,Time Out,Independent Notting Hill bakery producing small-batch sourdough and viennoiserie for the W11 catchment.,,google_maps
GBR,London,Bakeries,Books for Cooks Cafe Bakery,"Daily cookbook-inspired baking, pastries",Notting Hill,51.509,-0.196,4.7,412,32000.0,,https://www.booksforcooks.com,"Guardian, FT, Observer",Blenheim Crescent cookbook shop with cafe bakery testing recipes daily — a cult Notting Hill culinary institution.,,official_website
GBR,London,Coffee Roasteries,Coffee Plant Notting Hill,"Organic single-origin beans, roasted on-site",Notting Hill,51.509,-0.196,4.5,215,5400.0,,,"Guardian, Standard",Portobello Road indie roaster trading since 1992 roasting organic and fair-trade beans in-shop.,,google_maps
GBR,London,Coffee Roasteries,Talkhouse Coffee,"Speciality espresso, single origin filter",Notting Hill,51.509,-0.196,4.6,132,14500.0,,https://www.talkhousecoffee.com,Time Out,Golborne Road indie specialty coffee bar serving carefully sourced beans to the W11 area.,,official_website
GBR,London,Coffee Roasteries,Notes Coffee Notting Hill,"Speciality espresso, single origin",Notting Hill,51.509,-0.196,4.3,184,24000.0,,https://www.notescoffee.com,"Standard, Time Out",Notting Hill branch of the independent UK specialty coffee roaster supplying its own beans.,,official_website
GBR,London,Breweries,Portobello Brewing,"Pale ale, lager, IPA, stout",Notting Hill,51.509,-0.196,4.5,112,15400.0,,https://www.portobellobrewing.com,"Time Out, CAMRA",Portobello-rooted London craft brewery producing pale ales and lagers with strong W11 heritage.,http://static1.squarespace.com/static/5e3da3f1697e3d3a4ee7109a/t/6214ac92124b6b2db53f8af5/1645522067029/Social+Sharing+1.png?format=1500w,official_website
GBR,London,Distilleries,Portobello Road Gin,"London dry gin, sloe gin, navy strength",Notting Hill,51.509,-0.196,4.6,412,38000.0,2800.0,https://www.portobelloroadgin.com,"FT, Standard, Telegraph",Portobello Road craft gin distillery with on-site Ginstitute bar producing acclaimed London dry gin.,,official_website
GBR,London,Delicatessen,Melt Chocolates,"Artisan handmade chocolates, ganaches",Notting Hill,51.509,-0.196,4.5,154,45000.0,,https://www.meltchocolates.com,"Vogue, Tatler, Guardian",Ledbury Road indie chocolatier producing handmade chocolates and ganaches in its open-kitchen Notting Hill shop.,https://meltchocolates.com/wp-content/uploads/2021/06/DSC2232-scaled.jpg,official_website
GBR,London,Delicatessen,Mr Christian's Delicatessen,"Continental deli, charcuterie, pantry",Notting Hill,51.509,-0.196,4.4,118,8200.0,,https://www.mrchristians.co.uk,"Guardian, FT, Telegraph",Elgin Crescent Notting Hill deli institution since 1974 with curated continental charcuterie and pantry.,,official_website
GBR,London,Delicatessen,Tavola,"Italian fresh pasta, deli, sauces",Notting Hill,51.509,-0.196,4.6,92,12400.0,,,"Guardian, FT",Westbourne Grove Italian deli from Alastair Little producing fresh pasta and stocking imported Italian larder.,,google_maps
GBR,London,Butcher Shops,C Lidgate Butchers,"Dry-aged beef, free-range poultry, charcuterie",Notting Hill,51.509,-0.196,4.7,512,18500.0,,https://www.lidgates.com,"Guardian, FT, Telegraph",Holland Park Avenue heritage butcher since 1850 supplying Notting Hill with dry-aged British rare-breed meat.,,official_website
GBR,London,Butcher Shops,Notting Hill Fish Shop Butcher Counter,"Fresh meat, free-range poultry",Notting Hill,51.509,-0.196,4.5,34,,,,,Combined fishmonger-butcher serving Notting Hill households with fresh meat and free-range poultry.,,google_maps
GBR,London,Seafood Producers,The Notting Hill Fish Shop,"Day-boat fish, shellfish, smoked salmon",Notting Hill,51.509,-0.196,4.4,245,35000.0,12400.0,,"Guardian, Time Out",Notting Hill independent fishmonger sourcing day-boat-caught British fish and serving the W11 catchment.,,google_maps
GBR,London,Seafood Producers,Cove Notting Hill,"Sustainable Cornish fish, shellfish",Notting Hill,51.509,-0.196,4.6,72,6500.0,,,,Indie fishmonger and oyster bar selling sustainable Cornish fish to Notting Hill home cooks.,,google_maps
GBR,London,Local Soft Drinks,Portobello Star Tonic and Cordial,"Bar cordials, soft drink mixers",Notting Hill,51.509,-0.196,4.4,28,3100.0,,,,Portobello Road area independent cocktail bar producing small-batch cordials and mixers.,,google_maps
GBR,London,Local Snacks,Biscuiteers,"Iced biscuits, gift biscuit tins",Notting Hill,51.509,-0.196,4.5,1254,195000.0,42000.0,https://www.biscuiteers.com,"Vogue, Telegraph, Tatler",Notting Hill flagship of the indie iced-biscuit maker producing hand-iced occasion biscuits and gifting tins.,http://www.biscuiteers.com/cdn/shop/files/Biscuiteers_Cafe_44bcd632-e2b2-4046-ba9f-a0fc24fe5075.jpg?v=1759348183,official_website
GBR,London,Fruits & Vegetables,Michanicou Brothers,"Specialty fruit, mushrooms, herbs",Notting Hill,51.509,-0.196,4.7,112,5400.0,,,"Guardian, FT, Telegraph",Clarendon Road heritage independent greengrocer beloved by chefs for specialist mushrooms and seasonal British produce.,,google_maps
GBR,London,Fruits & Vegetables,Portobello Market Greengrocers,Seasonal British and continental produce,Notting Hill,51.509,-0.196,4.3,542,,,,Time Out,Portobello Road Market independent traders supplying daily fresh produce to Notting Hill residents.,,google_maps
GBR,London,Bakeries,Sail Bakery,"Sourdough, focaccia, laminated pastries",Peckham,51.474,-0.069,4.6,84,14500.0,,,Time Out,Copeland Park independent bakery known for sourdough loaves and weekend pastry queues.,,google_maps
GBR,London,Bakeries,Smith Street Bakery Peckham,"Sourdough, brownies, viennoiserie",Peckham,51.474,-0.069,4.6,84,14500.0,,https://www.smithstreetbakery.com,,East London microbakery with Peckham outpost prized for sourdough and signature brownies.,,official_website
GBR,London,Coffee Roasteries,Old Spike Roastery,"Specialty single-origin beans, espresso, filter",Peckham,51.474,-0.069,4.5,342,24000.0,,https://www.oldspike.co.uk,"Guardian, Standard, Time Out",Peckham social-enterprise roastery on Peckham Rye employing formerly homeless baristas alongside specialty beans.,,official_website
GBR,London,Coffee Roasteries,Mountain Coffees,"Specialty espresso, batch brew, single origin",Peckham,51.474,-0.069,4.4,54,3100.0,,,,Bellenden Road independent coffee bar roasting and serving specialty beans to the local neighbourhood.,,google_maps
GBR,London,Breweries,Brick Brewery,"Peckham Pils, pale ale, sours, lagers",Peckham,51.474,-0.069,4.6,412,15400.0,,https://www.brickbrewery.co.uk,"Guardian, Standard, Time Out",Flagship Peckham railway-arch brewery anchoring the local craft beer scene with its Peckham Pils.,,official_website
GBR,London,Breweries,Gosnells of London,"London-brewed mead, sparkling mead",Peckham,51.474,-0.069,4.5,112,12400.0,,https://www.gosnells.co.uk,"Guardian, FT, Telegraph",Peckham-based meadery producing London's first modern session mead in the SE15 industrial estate.,,official_website
GBR,London,Breweries,Orbit Beers,"Lagers, kolsch, pale ales",Peckham,51.474,-0.069,4.7,194,8200.0,,https://www.orbitbeers.com,"Time Out, CAMRA",Walworth-Peckham railway-arch brewery specialising in continental European-inspired lagers and kolsch.,http://orbitbeers.com/cdn/shop/files/4-Orbit_Beers_Producer_Page_Banner_Web_New_1_c66c0901-a30f-409c-bf47-00a31305a74f.jpg?v=1701465739,official_website
GBR,London,Distilleries,Little Bird Gin,"London dry gin, pink gin, RTDs",Peckham,51.474,-0.069,4.6,64,6500.0,,https://www.littlebirdgin.com,"Standard, Time Out",Peckham-founded craft gin distillery producing small-batch London dry with Bussey Building taproom heritage.,,official_website
GBR,London,Delicatessen,General Store SE15,"Wines, cheese, charcuterie, larder, produce",Peckham,51.474,-0.069,4.7,118,28000.0,,https://www.generalstore.london,"Guardian, FT, Observer","Bellenden Road independent grocer-deli with curated British and European larder, wine and produce.",,official_website
GBR,London,Delicatessen,Persepolis,"Persian groceries, mezze, larder, cookbooks",Peckham,51.474,-0.069,4.8,512,18500.0,,https://www.foratasteofpersia.co.uk,"Guardian, Observer, FT",Sally Butcher's celebrated Peckham High Street Persian deli championing Iranian pantry staples and mezze.,,official_website
GBR,London,Delicatessen,Peckham Cellars,"Natural wine, cheese, charcuterie",Peckham,51.474,-0.069,4.6,215,14500.0,,https://www.peckhamcellars.co.uk,"Guardian, FT, Time Out",Independent natural wine shop and bistro on Bellenden Road with strong artisan deli counter.,https://peckhamcellars.co.uk/wp-content/uploads/2025/02/Michelin2025.png,official_website
GBR,London,Butcher Shops,Flock & Herd,"Rare-breed beef, lamb, pork, charcuterie",Peckham,51.474,-0.069,4.8,342,19500.0,,https://www.flockandherd.com,"Guardian, Observer, Time Out",Bellenden Road artisan butcher with whole-carcass British rare-breed sourcing and in-house charcuterie.,,official_website
GBR,London,Butcher Shops,William Rose Butchers,"British grass-fed beef, lamb, free-range poultry",Peckham,51.474,-0.069,4.7,512,15400.0,,https://www.williamrosebutchers.com,"Guardian, Telegraph",Long-established South London butcher with strong free-range British sourcing serving Peckham locals.,,official_website
GBR,London,Butcher Shops,Khan's Halal Butchers Rye Lane,"Halal lamb, goat, beef, African cuts",Peckham,51.474,-0.069,4.3,92,,,,,Rye Lane halal butcher serving Peckham's African and Caribbean communities with specialist cuts.,,google_maps
GBR,London,Seafood Producers,Sea Harvest Rye Lane,"Fresh fish, African and Caribbean species",Peckham,51.474,-0.069,4.4,42,,,,,Rye Lane fishmonger supplying West African staples like tilapia and snapper to the local community.,,google_maps
GBR,London,Local Soft Drinks,Square Root London,"Craft sodas, tonics, mixers",Peckham,51.474,-0.069,4.7,156,24500.0,1200.0,https://www.squarerootsoda.co.uk,"Guardian, FT, Time Out",London craft soda producer with strong Peckham-area distribution making small-batch sodas from natural ingredients.,https://www.squarerootsoda.co.uk/assets/logo.png,official_website
GBR,London,Local Snacks,Forza Wine Snacks,"Italian focaccia, snacks, bar food",Peckham,51.474,-0.069,4.5,184,42000.0,,https://www.forzawine.com,"Guardian, FT, Time Out",Rye Lane rooftop wine bar producing in-house Italian snacks and focaccia from its Peckham kitchen.,http://forzawine.com/cdn/shop/files/Forza_Crudites_ce876341-416c-4344-9c6f-aeda73c0c0b9_220x241.png?v=1721816027,official_website
GBR,London,Local Snacks,ASAP Pizza,"Sourdough pizza, focaccia, pantry sauces",Peckham,51.474,-0.069,4.6,312,15400.0,,https://www.asappizza.com,"Guardian, Time Out, Standard",Bussey Building sourdough pizzeria producing acclaimed slices and pantry products from Peckham base.,,official_website
GBR,London,Fruits & Vegetables,Rye Lane Market Greengrocers,"African and Caribbean produce, plantain, yam",Peckham,51.474,-0.069,4.3,112,,,,"Guardian, Time Out","Rye Lane independent traders supplying plantain, yam, cassava and West African produce to the diaspora community.",,google_maps
GBR,London,Fruits & Vegetables,Choumert Road Grocers,"Seasonal British produce, salad leaves, herbs",Peckham,51.474,-0.069,4.4,54,,,,,Choumert Road independent greengrocer serving the Bellenden Road area with seasonal British produce.,,google_maps
GBR,London,Bakeries,Maison Bertaux,"French patisserie, croissants, gateaux",Soho,51.5136,-0.1365,4.6,1420,28500.0,,https://www.maisonbertaux.com,"Time Out, Guardian, Telegraph",London's oldest French patisserie operating on Greek Street since 1871 with hand-made cakes and cult Soho status.,,official_website
GBR,London,Bakeries,Princi,"Italian focaccia, pizza al taglio, pastries",Soho,51.5136,-0.1365,4.4,3842,68000.0,5400.0,https://www.princi.com,"Time Out, Evening Standard",Milanese artisan bakery on Wardour Street producing fresh focaccia and Italian breads daily in an open kitchen.,,official_website
GBR,London,Bakeries,Cafe Boheme Bakery,"Viennoiserie, sourdough, French pastries",Soho,51.5136,-0.1365,4.5,1254,34000.0,,https://www.cafeboheme.co.uk,Time Out,Old Compton Street French-style bakery-cafe producing fresh viennoiserie central to Soho's all-day cafe culture.,,official_website
GBR,London,Coffee Roasteries,Algerian Coffee Stores,"Roasted coffee beans, loose teas",Soho,51.5136,-0.1365,4.8,1684,45000.0,12400.0,https://algeriancoffeestores.com,"Guardian, Time Out, FT",Old Compton Street roaster trading since 1887 with 80-plus single-origin coffees and unrivalled Soho heritage.,http://algeriancoffeestores.com/cdn/shop/files/social_image_1200x1200.png?v=1685437824,official_website
GBR,London,Coffee Roasteries,Flat White,"Antipodean specialty coffee, single-origin espresso",Soho,51.5136,-0.1365,4.5,1124,24500.0,,,"Guardian, Time Out",Berwick Street pioneer of London's flat white movement sourcing rotating specialty roasters and serving Soho's coffee purists.,,google_maps
GBR,London,Coffee Roasteries,Bar Italia,"Italian espresso, ristretto",Soho,51.5136,-0.1365,4.5,2842,38000.0,,https://www.baritaliasoho.co.uk,"Guardian, Vogue, Time Out",Frith Street institution serving Angelucci-roasted Italian espresso 24 hours since 1949 with cult late-night Soho clientele.,,official_website
GBR,London,Distilleries,Gerry's Wines & Spirits,"Rare spirits, mezcal, absinthe, vermouth",Soho,51.5136,-0.1365,4.8,542,19500.0,,https://www.gerrys.uk.com,"Guardian, Time Out, FT",Old Compton Street's legendary spirit specialist since 1984 stocking rare distillates and a curated independent UK gin range.,,official_website
GBR,London,Distilleries,Milroy's of Soho,"Single malt whisky, own bottlings",Soho,51.5136,-0.1365,4.7,612,54000.0,3100.0,https://milroysofsoho.com,"Guardian, FT, Time Out",London's original whisky specialist on Greek Street since 1964 with exclusive own-label single cask bottlings.,http://milroysofsoho.com/cdn/shop/files/MicrosoftTeams-image.jpg?crop=center&height=1200&v=1709465262&width=1200,official_website
GBR,London,Distilleries,The Vintage House,"Single malt whisky, fine wines",Soho,51.5136,-0.1365,4.6,215,8400.0,,,Time Out,Old Compton Street family-run merchant since 1941 with over 1400 single malt whiskies sourced direct from distilleries.,,google_maps
GBR,London,Delicatessen,I Camisa & Son,"Italian cured meats, cheeses, pantry goods",Soho,51.5136,-0.1365,4.7,842,32000.0,,https://www.icamisa.co.uk,"Time Out, Guardian",Old Compton Street Italian deli over 60 years stocking imported salumi and pantry staples with strong local-trade loyalty.,,official_website
GBR,London,Local Soft Drinks,Yumchaa,Loose-leaf tea blends,Soho,51.5136,-0.1365,4.4,412,16400.0,,https://www.yumchaa.com,Time Out,Berwick Street loose-leaf tea blender hand-mixing small-batch flavoured teas with a strong independent Soho retail presence.,,official_website
GBR,London,Local Snacks,Kova Patisserie,"Japanese-French pastries, matcha mille crepe",Soho,51.5136,-0.1365,4.4,482,58000.0,5400.0,https://kovapatisserie.com,"Time Out, Evening Standard",Brewer Street Japanese-French patissier hand-making signature matcha mille crepe cakes that capture Soho's Asian-fusion trend.,,official_website
GBR,London,Local Snacks,Humble Crumble Soho,"Artisan crumbles, custard",Soho,51.5136,-0.1365,4.6,1842,245000.0,154000.0,https://www.humblecrumble.com,"Time Out, Evening Standard",Independent Soho stall hand-baking single-portion British crumbles in collaborations representing the new wave of artisan dessert.,,official_website
GBR,London,Fruits & Vegetables,Berwick Street Market Fruit & Veg Stalls,"Seasonal produce, herbs",Soho,51.5136,-0.1365,4.5,64,,,,"Guardian, Time Out, FT",Berwick Street's surviving independent traders supply Soho restaurants with daily seasonal British and Continental produce since 1778.,,google_maps
GBR,London,Delicatessen,Fortnum & Mason,"Hampers, preserves, fine groceries, tea, biscuits",St James's,51.5066,-0.1369,4.6,18425,680000.0,85000.0,https://www.fortnumandmason.com,"Financial Times, Telegraph, Vogue",Iconic 1707 Piccadilly grocer defining British luxury food provenance for over three centuries.,,official_website
GBR,London,Delicatessen,Paxton & Whitfield,"Artisan British and continental cheese, chutneys, biscuits",St James's,51.5066,-0.1369,4.7,512,42000.0,2800.0,https://www.paxtonandwhitfield.co.uk,"Guardian, Telegraph, Country Life",Royal Warrant cheesemonger since 1797 with hand-cut artisan cheese at 93 Jermyn Street.,https://cdn.shopify.com/s/files/1/0848/3327/2130/files/social_media_Paxton_Whitfield.png?v=1726070457,official_website
GBR,London,Delicatessen,Jermyn Street Cheese Counter at Fortnum's,"Curated British farmhouse cheeses, cheese hampers",St James's,51.5066,-0.1369,4.6,112,680000.0,85000.0,https://www.fortnumandmason.com,,Dedicated cheese hall on Piccadilly with house affinage and British farmhouse focus.,,official_website
GBR,London,Distilleries,Berry Bros. & Rudd Spirits,"No.3 London Dry Gin, King's Ginger, own-label whisky",St James's,51.5066,-0.1369,4.8,842,112000.0,5200.0,https://www.bbr.com,"Decanter, Drinks Business, Spectator",Britain's oldest wine and spirits merchant (1698) with acclaimed own-label spirits at 3 St James's Street.,,official_website
GBR,London,Distilleries,No.3 London Dry Gin,"Juniper-forward London Dry gin, classic martini gin",St James's,51.5066,-0.1369,4.7,118,28000.0,,https://www.no3gin.com,"Decanter, Imbibe, Drinks Business",Award-winning gin developed by BBR at 3 St James's Street rooted in classic London Dry style.,,official_website
GBR,London,Distilleries,The King's Ginger,"Ginger liqueur, traditional warming spirit",St James's,51.5066,-0.1369,4.6,54,8400.0,,https://www.bbr.com,"Spectator, Country Life",1903 Berry Bros liqueur originally created for King Edward VII's motoring expeditions.,,official_website
GBR,London,Coffee Roasteries,Fortnum & Mason Coffee,"Single-origin coffees, signature blends, ground and beans",St James's,51.5066,-0.1369,4.5,214,680000.0,85000.0,https://www.fortnumandmason.com,"Financial Times, Telegraph",Heritage coffee programme with bespoke blends roasted for the Piccadilly food hall.,,official_website
GBR,London,Bakeries,Fortnum & Mason Bakery,"Scones, tea breads, hot cross buns, Christmas cake",St James's,51.5066,-0.1369,4.6,184,680000.0,85000.0,https://www.fortnumandmason.com,"Telegraph, Tatler",In-house bakery supplying the Diamond Jubilee Tea Salon with traditional British baked goods.,,official_website
GBR,London,Bakeries,The Wolseley Bakery Counter,"Viennoiserie, croissants, brioche, pastries",St James's,51.5066,-0.1369,4.7,642,145000.0,12400.0,https://www.thewolseley.com,"Evening Standard, Time Out",Grand cafe at 160 Piccadilly with in-house viennoiserie on the St James's boundary.,https://www.thewolseley.com/assets/logo.png,official_website
GBR,London,Local Snacks,Fortnum & Mason Biscuits,"Shortbread, ginger biscuits, savoury crackers, tins",St James's,51.5066,-0.1369,4.6,312,680000.0,85000.0,https://www.fortnumandmason.com,"Financial Times, Vogue",Iconic tinned biscuit programme synonymous with British premium snack gifting.,,official_website
GBR,London,Local Snacks,Fortnum's Chocolate Atelier,"Truffles, bars, Royal Blend confectionery, advent calendars",St James's,51.5066,-0.1369,4.6,154,680000.0,85000.0,https://www.fortnumandmason.com,"Telegraph, Country Life",Heritage chocolate atelier with seasonal collections sold from the Piccadilly confectionery hall.,,official_website
GBR,London,Local Snacks,Paxton & Whitfield Biscuits for Cheese,"Artisan crackers, oatcakes, savoury biscuits",St James's,51.5066,-0.1369,4.6,92,42000.0,2800.0,https://www.paxtonandwhitfield.co.uk,"Country Life, Telegraph",Curated savoury biscuit range developed to pair with the Jermyn Street cheese counter.,https://cdn.shopify.com/s/files/1/0848/3327/2130/files/social_media_Paxton_Whitfield.png?v=1726070457,official_website
GBR,London,Butcher Shops,Fortnum & Mason Butchery,"Dry-aged beef, game, charcuterie, sausages",St James's,51.5066,-0.1369,4.6,18425,680000.0,85000.0,https://www.fortnumandmason.com,"Financial Times, Country Life",In-store butchery and game counter offering British heritage breeds in the Piccadilly food hall.,,official_website
GBR,London,Seafood Producers,Fortnum & Mason Fishmonger,"Smoked salmon, caviar, fresh fish, oysters",St James's,51.5066,-0.1369,4.6,18425,680000.0,85000.0,https://www.fortnumandmason.com,"Financial Times, Telegraph",Piccadilly food hall fish and caviar counter with premium smoked salmon and shellfish.,,official_website
GBR,London,Local Soft Drinks,Fortnum & Mason Cordials & Mixers,"Elderflower cordial, Indian tonic, ginger ale",St James's,51.5066,-0.1369,4.5,112,680000.0,85000.0,https://www.fortnumandmason.com,,Heritage cordial and mixer range using British botanicals for premium non-alcoholic gifting.,,official_website
GBR,London,Fruits & Vegetables,Fortnum & Mason Fresh Produce Hall,"Seasonal British fruit, heritage vegetables, hamper produce",St James's,51.5066,-0.1369,4.6,184,680000.0,85000.0,https://www.fortnumandmason.com,,Curated seasonal British produce counter feeding the heritage hamper programme on Piccadilly.,,official_website
GBR,London,Bakeries,Belle Epoque Patisserie,"French patisserie, viennoiserie, celebration cakes",Stoke Newington,51.561,-0.076,4.6,512,24500.0,,https://www.belleepoque.co.uk,"Time Out, Guardian",Long-standing Newington Green French patisserie renowned for handmade cakes and viennoiserie.,,official_website
GBR,London,Bakeries,Of A Kind Bakery,"Sourdough, laminated pastries, focaccia",Stoke Newington,51.561,-0.076,4.7,92,8400.0,,,"Time Out, Evening Standard",Church Street microbakery acclaimed for naturally leavened sourdough and seasonal pastries.,,google_maps
GBR,London,Bakeries,The Haberdashery Bakery,"Cakes, brownies, brunch bakes",Stoke Newington,51.561,-0.076,4.5,342,12500.0,,https://the-haberdashery.com,,Stoke Newington cafe-bakery with in-house cake and pastry programme on Stoke Newington Road.,,official_website
GBR,London,Coffee Roasteries,Common Ground Coffee,"Specialty espresso, filter, single origin",Stoke Newington,51.561,-0.076,4.6,215,14500.0,,,Time Out,Stoke Newington indie cafe-roaster known for community focus and specialty espresso.,,google_maps
GBR,London,Coffee Roasteries,Cafe Z Bar,"Turkish-style coffee, espresso",Stoke Newington,51.561,-0.076,4.5,684,5200.0,,,,Long-running Stoke Newington Road independent cafe with distinctive Mediterranean coffee programme.,,google_maps
GBR,London,Coffee Roasteries,The Spence,"Specialty espresso, filter, all-day cafe",Stoke Newington,51.561,-0.076,4.6,118,3100.0,,,,Church Street neighbourhood cafe pouring rotating UK specialty roasters with strong local following.,,google_maps
GBR,London,Breweries,Beavertown Brewery (Stoke Newington heritage),"Craft beer, IPA, lager",Stoke Newington,51.561,-0.076,4.7,1254,185000.0,24000.0,https://www.beavertownbrewery.com,"Guardian, Evening Standard",Founded at Duke's Brew & Que in Stoke Newington; flagship London craft brewery rooted in the neighbourhood.,,official_website
GBR,London,Breweries,Jolly Butchers,"Cask ale, craft keg, London beer selection",Stoke Newington,51.561,-0.076,4.5,412,6500.0,,,Time Out,Stoke Newington High Street craft beer pub championing small London and UK independent breweries.,,google_maps
GBR,London,Delicatessen,Belle Epoque Delicatessen,"French charcuterie, cheese, pantry",Stoke Newington,51.561,-0.076,4.6,112,24500.0,,https://www.belleepoque.co.uk,,Newington Green French deli adjunct to the patisserie offering charcuterie and continental larder.,,official_website
GBR,London,Delicatessen,The Good Egg Deli,"Middle Eastern deli, prepared salads, baked goods",Stoke Newington,51.561,-0.076,4.5,842,45000.0,5400.0,https://www.thegoodegg.co,"Guardian, Observer",Stoke Newington Middle-Eastern-influenced cafe-deli celebrated for shakshuka and house-baked goods.,,official_website
GBR,London,Delicatessen,Yard Sale Pizza Pantry N16,"Prepared pizza, deli pantry items",Stoke Newington,51.561,-0.076,4.6,312,58000.0,12400.0,,,Independent neighbourhood pizza-pantry providing deli-style prepared foods on Stoke Newington High Street.,,google_maps
GBR,London,Butcher Shops,Godfreys Newington Green,"Traditional British butchery, game",Stoke Newington,51.561,-0.076,4.7,112,12500.0,,https://www.godfreys.co,,Heritage North London butcher serving Newington Green and the N16 fringe with British cuts and game.,,official_website
GBR,London,Seafood Producers,Sutton and Sons Fishmonger,"Day-boat fish, shellfish, smoked fish",Stoke Newington,51.561,-0.076,4.6,412,15400.0,,https://www.suttonandsons.co.uk,"Guardian, Evening Standard",Family-run Church Street fishmonger with own smokehouse and renowned chip-shop counter.,http://static1.squarespace.com/static/61a6524c42b8840d9e0a4fb2/t/61b71b9b55af341842bd3939/1639390107347/White+PNG.png?format=1500w,official_website
GBR,London,Seafood Producers,Faircatch (Stoke Newington Farmers Market),Sustainable day-boat fish,Stoke Newington,51.561,-0.076,4.8,34,3100.0,,,,Sustainable seafood trader present at Saturday Stoke Newington farmers market on Church Street.,,google_maps
GBR,London,Local Snacks,Sweet Things Patisserie,"Celebration cakes, brownies, traybakes",Stoke Newington,51.561,-0.076,4.5,184,24500.0,,https://www.sweetthings.biz,,Independent Church Street cake shop noted for celebration cakes and homemade traybakes.,,official_website
GBR,London,Local Snacks,Yum Bun,"Steamed buns, Asian snacks",Stoke Newington,51.561,-0.076,4.4,612,45000.0,12400.0,https://www.yumbun.co.uk,"Time Out, Guardian",Independent steamed bun producer with Stoke Newington origins and presence at local markets.,,official_website
GBR,London,Local Snacks,Happy Maki,"Plant-based sushi-style burritos, snacks",Stoke Newington,51.561,-0.076,4.7,215,28000.0,,https://www.happymaki.co.uk,Time Out,Stoke Newington-based plant-based snack brand with takeaway and market presence.,"https://static.wixstatic.com/media/7009ae_8699b23997a441ce9db323d9d3051f7d%7Emv2.jpg/v1/fit/w_2500,h_1330,al_c/7009ae_8699b23997a441ce9db323d9d3051f7d%7Emv2.jpg",official_website
GBR,London,Fruits & Vegetables,Newington Green Fruit & Vegetables,"Seasonal produce, organic veg, herbs",Stoke Newington,51.561,-0.076,4.6,542,16400.0,,,,Independent Newington Green greengrocer supplying neighbourhood with seasonal British and continental produce.,,google_maps
GBR,London,Fruits & Vegetables,Stoke Newington Farmers Market (Growing Communities),Seasonal produce from regional organic growers,Stoke Newington,51.561,-0.076,4.7,118,12400.0,,https://www.growingcommunities.org,"Guardian, Time Out",Saturday Church Street farmers market run by Growing Communities featuring regional organic growers.,,official_website
GBR,London,Fruits & Vegetables,Food For All Greengrocer,"Organic fruit and vegetables, dry goods",Stoke Newington,51.561,-0.076,4.5,92,4200.0,,,,Independent N16 organic produce shop serving Stoke Newington residents with British and continental fruit and veg.,,google_maps
GBR,London,Bakeries,Signorelli East Village,"Italian sourdough, focaccia, pastries, cakes",Stratford,51.5416,-0.003,4.5,214,18500.0,,https://www.signorelli.co.uk,,Family-run Italian artisan bakery anchoring East Village E20 with multiple Stratford sites baking on-site daily.,https://www.signorelli.co.uk/uploads/1/3/1/3/131322347/220624-antoli-signorelli-919.jpg,official_website
GBR,London,Bakeries,Bakehouse by Signorelli,"Bread, viennoiserie, layer cakes, catering",Stratford,51.5416,-0.003,4.6,112,18500.0,,https://www.signorelli.co.uk,,Signorelli production bakehouse at Fortunes Walk E20 supplying its East Village sites with fresh artisan output.,https://www.signorelli.co.uk/uploads/1/3/1/3/131322347/220624-antoli-signorelli-919.jpg,official_website
GBR,London,Bakeries,Charles Artisan Bread Chobham Manor,"Sourdough, granary, focaccia, vegan pastries",Stratford,51.5416,-0.003,4.7,154,34000.0,5200.0,https://charlesartisanbread.co.uk,,Clapton micro-bakery's E20 outpost on Abercrombie Road producing additive-free sourdough and vegan viennoiserie.,https://img1.wsimg.com/isteam/ip/ae581e65-bc6a-4c80-9f1a-bf0f5aaaee6e/fb_1213387359000235_1440x1414.jpg,official_website
GBR,London,Coffee Roasteries,Familia Roasters,"Single origin espresso, owner-roasted small batch",Stratford,51.5416,-0.003,4.8,72,8200.0,,https://familiaroasters.com,,Owner-roasted East Village E20 micro-roastery on Celebration Avenue with strong local reputation for quality espresso.,,official_website
GBR,London,Coffee Roasteries,The Roasting Shed Hackney Bridge,"Small-batch specialty coffee, espresso bar, wholesale",Stratford,51.5416,-0.003,4.6,132,14500.0,,https://theroastingshed.com,,Hackney Bridge E15 roastery-cafe roasting small batches with strong wholesale channel and on-site espresso bar.,,official_website
GBR,London,Coffee Roasteries,The Gentlemen Baristas Maryland Roastery,"Specialty coffee roasting, wholesale, training",Stratford,51.5416,-0.003,4.5,96,42000.0,3100.0,https://www.gentlemenbaristas.com,,12000 sq ft Maryland E15 production roastery opened 2023 supplying cafes restaurants and pubs across London.,,official_website
GBR,London,Breweries,Tap East,"House-brewed cask and keg ales, stouts, pale ales",Stratford,51.5416,-0.003,4.6,214,5400.0,,https://tapeast.co.uk,,On-site 2.5-barrel brewpub inside Westfield Stratford City E20 brewing house beers since 2011.,,official_website
GBR,London,Distilleries,Jim & Tonic East,"London Dry gin, rum, on-site distillery tours",Stratford,51.5416,-0.003,4.7,118,12500.0,,https://www.jimandtoniceast.com,,Award-winning sustainable urban gin distillery at Sugar House Island E15 with working distillery tours and tasting room.,http://static1.squarespace.com/static/65e790a4f2da3c6269f556a5/t/65f035d4a2b937543d3a34a0/1710241236968/J%26TEwhite.png?format=1500w,official_website
GBR,London,Delicatessen,Ergon Deli & Cafe,"Greek artisanal oils, jams, pies, specialty coffee",Stratford,51.5416,-0.003,4.5,132,34000.0,,,,Greek deli at Great Eastern Market Westfield E20 stocking artisanal Greek products with cafe serving pies.,,google_maps
GBR,London,Delicatessen,Lituanica Stratford,Lithuanian and continental European groceries,Stratford,51.5416,-0.003,4.4,412,,,,,Lithuanian delicatessen in Stratford Centre E15 supplying eastern European produce to a large local community.,,google_maps
GBR,London,Delicatessen,Gaska Polski Sklep,"Polish breads, sausages, smoked meats, groceries",Stratford,51.5416,-0.003,4.5,96,,,,,Independent Polish delicatessen on Stratford Broadway E15 with imported Polish meats breads and pantry staples.,,google_maps
GBR,London,Delicatessen,Eli's Deli and Pastelaria,"Brazilian pastels, pao de queijo, coxinha, salgados",Stratford,51.5416,-0.003,4.6,72,3100.0,,,,One of London's few exclusively Brazilian delis at Broadway Market Village E15 making fresh pastels and salgados daily.,,google_maps
GBR,London,Butcher Shops,K. Parsons Butchers,"Traditional fresh meats, family butchery",Stratford,51.5416,-0.003,4.7,84,1800.0,,,,Two-generation family butcher in Stratford Shopping Centre E15 serving the community with fresh traditional cuts.,,google_maps
GBR,London,Butcher Shops,Tariq Halal Meats Stratford,"Halal fresh and frozen meats, marinades, spices",Stratford,51.5416,-0.003,4.3,154,8400.0,,,,Established halal butcher at Stratford Centre E15 with 45+ years experience and supermarket-scale meat range.,,google_maps
GBR,London,Butcher Shops,G & R Traditional Family Butchers,"Traditional British cuts, family butchery",Stratford,51.5416,-0.003,4.6,112,,,,,Independent traditional family butcher on Stephens Road E15 serving residential Stratford with classic cuts.,,google_maps
GBR,London,Seafood Producers,Olm Fresh Fish,"Fresh wet fish, daily catch",Stratford,51.5416,-0.003,4.5,42,2400.0,,,,Independent fishmonger on Leytonstone Road E15 near Maryland station offering fresh wet fish to residential Stratford.,,google_maps
GBR,London,Seafood Producers,Market Village Seafood Stalls,"Wet fish stalls, fresh seafood",Stratford,51.5416,-0.003,4.4,38,,,,,Traditional East End indoor market in Stratford Centre E15 hosting fresh seafood traders alongside produce stalls.,,google_maps
GBR,London,Local Snacks,Arancini Brothers Westfield,"Sicilian arancini, cannoli, panini, lasagna",Stratford,51.5416,-0.003,4.5,542,15400.0,2100.0,,,Artisan Sicilian arancini maker at Westfield Stratford E20 hand-producing rice balls cannoli and Italian snacks since 2011.,,google_maps
GBR,London,Local Snacks,La Gelatiera East Village,"Seasonal gelato made on site, vegan options",Stratford,51.5416,-0.003,4.6,312,24500.0,,https://www.lagelatiera.co.uk,,Artisanal gelateria making seasonal gelato on site at West Park Walk E20 with vegan and dairy-free flavours.,,official_website
GBR,London,Fruits & Vegetables,Market Village Stratford,Independent fruit and vegetable stalls,Stratford,51.5416,-0.003,4.3,642,,,,,Traditional East End market in Stratford Centre E15 with 30+ stalls including independent fresh produce traders since 1991.,,google_maps
GBR,London,Fruits & Vegetables,Plaistow Road Fruit & Vegetables,Fresh seasonal fruit and vegetables,Stratford,51.5416,-0.003,4.5,54,,,,,Independent greengrocer at 245 Plaistow Road E15 supplying residential Stratford with affordable fresh seasonal produce.,,google_maps
GBR,London,Fruits & Vegetables,Fresh Fruit & Vegetables Cash & Carry,Wholesale-style fresh produce,Stratford,51.5416,-0.003,4.4,28,,,,,Independent greengrocer-cash-and-carry on Leytonstone Road E15 serving both households and local trade with fresh produce.,,google_maps
GBR,London,Bakeries,Ambala Sweet Centre Tooting,"South Asian mithai, samosas, baklava",Tooting,51.428,-0.168,4.2,412,12400.0,,https://www.ambalafoods.com,,Tooting High Street outpost of the heritage South Asian sweet bakery serving the local British-Asian community.,https://www.ambalafoods.com/assets/logo.png,official_website
GBR,London,Bakeries,Milan Sweet Centre,"Indian sweets, snacks, freshly fried savouries",Tooting,51.428,-0.168,4.5,184,4300.0,,,,Long-standing independent Upper Tooting Road sweet centre hand-making mithai and Indian savouries daily.,,google_maps
GBR,London,Bakeries,Pooja Sweets Tooting,"Mithai, samosas, kachori, jalebi",Tooting,51.428,-0.168,4.4,312,8200.0,,,,Independent Tooting Indian sweet bakery producing daily mithai and savoury snacks for SW17 customers.,,google_maps
GBR,London,Coffee Roasteries,Brickwood Coffee Tooting,"Speciality espresso, brunch, retail beans",Tooting,51.428,-0.168,4.6,245,35000.0,,https://brickwoodlondon.com,"Time Out, Evening Standard",South-London independent speciality coffee group with a Tooting cafe pouring traceable beans for the SW17 community.,https://www.brickwoodcafes.co.uk/uploads/b/7d47a980-967d-11ed-b6f8-f748c18be56a/Flatlay%20Dishes.png,official_website
GBR,London,Coffee Roasteries,The Coffee Works Project Tooting,"Speciality coffee, brunch",Tooting,51.428,-0.168,4.5,118,6500.0,,,,Independent speciality coffee cafe on Tooting High Street offering third-wave espresso and brew bar.,,google_maps
GBR,London,Breweries,By the Horns Brewing Co,"Cask and keg craft ales, lagers",Tooting,51.428,-0.168,4.6,194,15400.0,,https://www.bythehorns.co.uk,"Evening Standard, CAMRA",SW London independent craft brewery historically rooted in the Wandsworth/Tooting area with cask-led core range.,,official_website
GBR,London,Delicatessen,Unwined in Tooting,"Independent wines, deli boards, charcuterie",Tooting,51.428,-0.168,4.7,112,14500.0,,https://www.unwinedintooting.com,"Time Out, Evening Standard",Independent Tooting Market wine shop and bar championing small-producer European wines with deli plates.,,official_website
GBR,London,Delicatessen,Indie Wine Club,"Curated independent wines, craft spirits",Tooting,51.428,-0.168,4.5,24,1800.0,,,,Independent Tooting Market unit (16A) curating small-batch wines and craft spirits not available in chain retail.,,google_maps
GBR,London,Butcher Shops,Tooting Halal Meat & Poultry,"Halal lamb, chicken, marinated meats",Tooting,51.428,-0.168,4.3,52,,,,,Family-run independent Tooting butcher specialising in halal cuts and marinated South Asian preparations.,,google_maps
GBR,London,Butcher Shops,Dagan Halal Meat,"Halal lamb, mutton, goat, chicken",Tooting,51.428,-0.168,4.4,38,,,,,Independent Tooting High Street halal butcher serving SW17's large South Asian community with daily-cut meats.,,google_maps
GBR,London,Seafood Producers,Tooting Market Fishmonger,"Whole fish, prawns, South Asian seafood",Tooting,51.428,-0.168,4.5,64,,,,,Independent Tooting Market fish stall serving SW17's South Asian cooking traditions with fresh whole fish.,,google_maps
GBR,London,Seafood Producers,Broadway Market Tooting Fishmonger,"Wet fish, shellfish, smoked fish",Tooting,51.428,-0.168,4.6,92,2100.0,,,,Independent fishmonger inside Broadway Market Tooting offering a wet fish counter and smoked British fish.,,google_maps
GBR,London,Local Soft Drinks,Pure Fruit Smoothie Bowls,"Smoothie bowls, fresh juices, acai",Tooting,51.428,-0.168,4.5,42,3100.0,,,,Independent Tooting Market juice bar producing smoothies and acai bowls using whole fruit and superfood toppings.,,google_maps
GBR,London,Local Soft Drinks,Tooting Market Lassi stalls,"Fresh lassi, mango drinks, falooda",Tooting,51.428,-0.168,4.6,132,5400.0,,,,Independent South Asian drinks stalls at Tooting Market making fresh lassi and falooda to order.,,google_maps
GBR,London,Local Snacks,Ambala Sweet Centre Tooting (snacks),"Bombay mix, namkeen, samosas",Tooting,51.428,-0.168,4.2,412,12400.0,,https://www.ambalafoods.com,,Tooting outlet making fresh Indian savoury snacks and Bombay mix for the local South Asian community.,https://www.ambalafoods.com/assets/logo.png,official_website
GBR,London,Local Snacks,Pooja Sweets Tooting (snacks),"Samosas, pakoras, chaat",Tooting,51.428,-0.168,4.4,312,8200.0,,,,Independent Tooting Indian snack producer hand-making freshly fried savouries and chaat on Upper Tooting Road.,,google_maps
GBR,London,Local Snacks,Milan Sweet Centre (snacks),"Indian street snacks, chaat, namkeen",Tooting,51.428,-0.168,4.5,184,4300.0,,,,Independent Tooting sweet centre also producing fresh Indian street-food snacks and namkeen mixes daily.,,google_maps
GBR,London,Fruits & Vegetables,Dadu's Tooting,"South Asian fruit and veg, herbs, spices",Tooting,51.428,-0.168,4.5,78,3400.0,,,,Independent Tooting greengrocer specialising in South Asian produce,,google_maps
GBR,London,Fruits & Vegetables,Tooting Market Greengrocer,"Seasonal fruit and veg, exotic produce",Tooting,51.428,-0.168,4.4,112,,,,,Independent Tooting Market produce stall offering seasonal British and exotic fruit and vegetables.,,google_maps
GBR,London,Fruits & Vegetables,Broadway Market Tooting Fruit & Veg,South Asian and Caribbean produce,Tooting,51.428,-0.168,4.5,54,,,,,Independent greengrocer inside Broadway Market Tooting serving SW17's diverse cuisines with specialist produce.,,google_maps
GBR,London,Bakeries,Today Bread,"Sourdough, pastries, organic loaves",Walthamstow,51.5836,-0.021,4.7,342,18500.0,,https://todaybread.co.uk,"Time Out, Guardian",Independent organic sourdough bakery at The Mall Walthamstow known for naturally leavened loaves and viennoiserie.,,official_website
GBR,London,Bakeries,Yonder Bakery,"Sourdough, brownies, sausage rolls",Walthamstow,51.5836,-0.021,4.8,92,12400.0,,https://yonderbakery.com,Time Out,Walthamstow Village micro-bakery with a cult sourdough and brownie following supplying local cafes.,,official_website
GBR,London,Bakeries,Today Bread Wood Street,"Stoneground sourdough, croissants",Walthamstow,51.5836,-0.021,4.6,118,18500.0,,https://todaybread.co.uk,,Wood Street outpost of Today Bread serving the eastern E17 community with organic bakes and brunch.,,official_website
GBR,London,Coffee Roasteries,Perky Blenders,"Speciality espresso, single origin roasts",Walthamstow,51.5836,-0.021,4.7,512,24500.0,,https://perkyblenders.com,"Time Out, Evening Standard",Walthamstow-founded speciality roaster with E17 cafes and an active local roasting and wholesale operation.,,official_website
GBR,London,Coffee Roasteries,Coffeenatic,"Espresso bar, beans, brunch",Walthamstow,51.5836,-0.021,4.6,132,5400.0,,https://coffeenatic.co.uk,,Independent Hoe Street coffee shop with a strong speciality coffee programme and Walthamstow loyalty.,,official_website
GBR,London,Coffee Roasteries,Mother's Coffee,"Speciality coffee, brunch",Walthamstow,51.5836,-0.021,4.5,84,3100.0,,,,Walthamstow Village independent serving speciality coffee with a community-focused neighbourhood cafe identity.,,google_maps
GBR,London,Breweries,Wild Card Brewery,"Pale ales, lagers, taproom",Walthamstow,51.5836,-0.021,4.6,412,35000.0,,https://wildcardbrewery.co.uk,"Time Out, Evening Standard, Guardian",Anchor Blackhorse Lane brewery with two taprooms driving the Walthamstow craft beer cluster.,,official_website
GBR,London,Breweries,Pillars Brewery,"Unfiltered lager, taproom",Walthamstow,51.5836,-0.021,4.6,194,15400.0,,https://pillarsbrewery.com,"Time Out, Observer",Blackhorse Lane lager specialist credited as London's first dedicated craft lager brewery with a popular Ravenswood taproom.,http://www.pillarsbrewery.com/cdn/shop/files/1D1A9923_1200x1200.jpg?v=1749720600,official_website
GBR,London,Breweries,Big Penny Social,"Cask, keg and own-brand beers, beer hall",Walthamstow,51.5836,-0.021,4.5,1254,42000.0,5400.0,https://bigpennysocial.co.uk,"Time Out, Guardian",Truman's-linked Blackhorse Lane beer hall and brewery destination operating a sprawling family-friendly E17 taproom.,,official_website
GBR,London,Breweries,Signature Brew,"Music-themed craft beers, taproom venue",Walthamstow,51.5836,-0.021,4.7,542,38000.0,2400.0,https://signaturebrew.co.uk,"NME, Time Out, Guardian",Blackhorse Road brewery and live music venue combining a working brewery with a gig-focused taproom.,http://www.signaturebrew.co.uk/cdn/shop/files/new_glassware_2_1_45414f61-e14f-4045-893e-50823b9a7181.jpg?v=1764088000,official_website
GBR,London,Breweries,Hackney Brewery Walthamstow,"Hoppy ales, lagers, taproom",Walthamstow,51.5836,-0.021,4.6,118,35000.0,,https://hackneybrewery.co.uk,"Time Out, Evening Standard",Hackney Brewery's larger Walthamstow Blackhorse Lane production site and taproom anchoring the E17 brewery cluster.,,official_website
GBR,London,Breweries,Exale Brewing,"Pale ales, sours, taproom",Walthamstow,51.5836,-0.021,4.6,142,14500.0,,https://exalebrew.com,Time Out,Independent Blackhorse Lane brewery with an Uplands Business Park taproom contributing to the E17 craft beer scene.,,official_website
GBR,London,Distilleries,Mother's Ruin Gin Palace,"Gin tastings, cocktail bar",Walthamstow,51.5836,-0.021,4.7,215,8400.0,,,,Walthamstow Village gin-focused bar specialising in curated gins with a strong independent local identity.,,google_maps
GBR,London,Distilleries,Walthamstow Wine Cellars,Natural wine retail and tastings,Walthamstow,51.5836,-0.021,4.5,64,4200.0,,,,Independent E17 specialist wine retailer with a curated low-intervention range supporting Walthamstow drinkers.,,google_maps
GBR,London,Delicatessen,Eat 17,"Bacon jam, local groceries, deli counter",Walthamstow,51.5836,-0.021,4.4,1254,19500.0,,https://eat17.co.uk,"Guardian, Telegraph, Time Out",Walthamstow Village founding store of the Eat 17 brand famous for its own-label bacon jam and indie grocery.,https://www.eat17.co.uk/wp-content/uploads/2021/12/WALTHAM-STOW-HERO.jpg,official_website
GBR,London,Delicatessen,L. Manze,"Traditional pie, mash and jellied eels",Walthamstow,51.5836,-0.021,4.5,642,5200.0,,,"Guardian, Time Out",Grade II-listed High Street pie and mash shop preserving Walthamstow's working-class food heritage since 1929.,,google_maps
GBR,London,Delicatessen,Hucks,"Cheese, charcuterie, wine, hampers",Walthamstow,51.5836,-0.021,4.6,132,6500.0,,,,Orford Road independent deli and wine shop curating British and European cheese and charcuterie for E17 villagers.,,google_maps
GBR,London,Butcher Shops,Robinson's Butchers,"Free-range meat, sausages, local sourcing",Walthamstow,51.5836,-0.021,4.7,92,,,,,Long-established Wood Street independent butcher serving north Walthamstow with quality British meat.,,google_maps
GBR,London,Butcher Shops,L.S. Mash & Sons,"Halal meat, traditional cuts",Walthamstow,51.5836,-0.021,4.5,54,,,,,Family-run Walthamstow High Street market butcher with strong local trade and heritage.,,google_maps
GBR,London,Butcher Shops,Walthamstow Market butcher stalls,"Fresh meat, poultry, value cuts",Walthamstow,51.5836,-0.021,4.3,118,,,,,Independent traders along Europe's longest daily street market supplying fresh meat at Walthamstow High Street prices.,,google_maps
GBR,London,Seafood Producers,Walthamstow Market fishmonger stalls,"Wet fish, shellfish, value seafood",Walthamstow,51.5836,-0.021,4.4,96,,,,,Independent fishmonger stalls on Walthamstow High Street market offering daily fresh fish to a diverse community.,,google_maps
GBR,London,Seafood Producers,L. Manze jellied eel counter,"Jellied eels, cockles, whelks",Walthamstow,51.5836,-0.021,4.5,214,1800.0,,,Guardian,Traditional East End jellied eel and shellfish counter attached to the listed L. Manze pie and mash institution.,,google_maps
GBR,London,Local Soft Drinks,Mother Kombucha E17,"Raw kombucha, fermented soft drinks",Walthamstow,51.5836,-0.021,4.6,34,3100.0,,,,Small-batch kombucha producer with E17 roots stocked across Walthamstow independents and cafes.,,google_maps
GBR,London,Local Soft Drinks,Square Root Soda E17 stockists,"Craft sodas, tonics",Walthamstow,51.5836,-0.021,4.7,156,24500.0,1200.0,https://squarerootsoda.co.uk,"Time Out, Guardian",London craft soda maker widely stocked across Walthamstow independents reflecting the area's craft drinks scene.,https://squarerootsoda.co.uk/assets/logo.png,official_website
GBR,London,Local Snacks,Wood Street Coffee snacks,"House-baked cakes, granola",Walthamstow,51.5836,-0.021,4.6,215,18500.0,,https://woodstcoffee.com,Time Out,Wood Street Indoor Market cafe producing own bakes and granola sold to Walthamstow locals and visitors.,,official_website
GBR,London,Local Snacks,God's Own Junkyard cafe,"Cakes, brownies, neon-lit cafe snacks",Walthamstow,51.5836,-0.021,4.7,1842,92000.0,24000.0,https://godsownjunkyard.co.uk,"Time Out, Evening Standard",Iconic Ravenswood neon warehouse cafe selling independent cakes and snacks alongside its visual art draw.,,official_website
GBR,London,Local Snacks,E17 Art House cafe,"Artisan cakes, vegan bakes",Walthamstow,51.5836,-0.021,4.5,42,3100.0,,,,Independent Hoe Street art space and cafe offering small-batch cakes and vegan bakes from local producers.,,google_maps
GBR,London,Fruits & Vegetables,Walthamstow High Street Market fruit stalls,"Seasonal produce, world fruit and veg",Walthamstow,51.5836,-0.021,4.4,642,,,,"Guardian, Time Out",Europe's longest daily outdoor market with independent fruit and veg traders central to E17 food culture.,,google_maps
GBR,London,Fruits & Vegetables,Hornbeam Cafe and Wholefoods,"Organic veg bags, wholefoods, plant-based",Walthamstow,51.5836,-0.021,4.6,118,5400.0,,https://hornbeam.org.uk,Guardian,Community-run Hoe Street wholefoods cafe and shop offering organic veg boxes and local sustainable produce.,,official_website
GBR,London,Fruits & Vegetables,OrganicLea,"Locally grown organic produce, veg bags",Walthamstow,51.5836,-0.021,4.8,92,12400.0,,https://organiclea.org.uk,"Guardian, BBC",Workers' cooperative growing produce on the edge of E17 supplying Walthamstow markets and the Hornbeam veg box scheme.,,official_website
GBR,London,Bakeries,Konditor Cardinal Place,"Curly Whirly cake, brownies, traybakes",Westminster,51.4975,-0.1357,4.5,342,24500.0,,https://www.konditor.co.uk,"Time Out, Guardian",Cardinal Place Victoria branch of the indie London bakery known for its Curly Whirly cake and traybakes.,,official_website
GBR,London,Bakeries,Bayley & Sage Nova Victoria bakery,"Sourdough, pastries, cakes",Westminster,51.4975,-0.1357,4.3,54,15400.0,,https://www.bayley-sage.co.uk,,Nova Victoria deli-grocer outpost producing in-house bakery items for the SW1 catchment.,https://www.bayley-sage.co.uk/assets/logo.png,official_website
GBR,London,Coffee Roasteries,Iris & June,"Single-origin espresso, batch brew",Westminster,51.4975,-0.1357,4.6,312,8400.0,,https://www.iris-and-june.com,"Standard, Time Out",Howick Place independent specialty coffee shop sourcing single-origin beans for the Victoria business district.,,official_website
GBR,London,Coffee Roasteries,Lundenwic Coffee,"Speciality espresso, filter, snacks",Westminster,51.4975,-0.1357,4.5,132,6500.0,,https://www.lundenwic.co.uk,Time Out,Independent specialty coffee bar named for old London serving Westminster's lunchtime trade.,https://www.lundenwic.co.uk/assets/logo.png,official_website
GBR,London,Coffee Roasteries,Notes Coffee Victoria,"Speciality espresso, single origin",Westminster,51.4975,-0.1357,4.3,245,24000.0,,https://www.notescoffee.com,"Standard, Time Out",Victoria branch of the independent UK specialty roaster supplying its own-roasted beans.,,official_website
GBR,London,Delicatessen,Bayley & Sage Victoria,"Artisan cheese, charcuterie, larder",Westminster,51.4975,-0.1357,4.3,118,15400.0,,https://www.bayley-sage.co.uk,,Independent deli-grocer at Nova Victoria stocking curated cheese,https://www.bayley-sage.co.uk/assets/logo.png,official_website
GBR,London,Delicatessen,La Bottega Eccleston,"Italian deli, antipasti, fresh pasta",Westminster,51.4975,-0.1357,4.4,154,5200.0,,https://www.labottega-uk.com,,Eccleston Street Italian deli serving Belgravia-Westminster border with curated salumi and fresh pasta.,,official_website
GBR,London,Fruits & Vegetables,Strutton Ground Market traders,"Seasonal produce, herbs, fruit",Westminster,51.4975,-0.1357,4.4,214,,,,,Long-running independent street market in SW1 supplying daily fresh produce to Westminster office workers and residents.,,google_maps
